reqId,starts,earlyFallbacks,fallbackAppliedCount,firstProgressMin,firstProgressAvg,roundtripAvg,profileAvg,totalCacheHits,totalCacheMisses
1778499208011-1,16,0,0,,,,597.00,24,888
1778499208011-1:{"reqId":"1778499208011-1","type":"progress","progress":{"started",0,0,0,,,,,0,0
1778499208011-1:{"reqId":"1778499208011-1","type":"progress","progress":{"piece":"O","iterCount",0,0,0,,,,,0,0
1778499208011-1:{"reqId":"1778499208011-1","type":"progress","progress":{"piece":"L","iterCount",0,0,0,,,,,0,0
1778499208011-1:{"reqId":"1778499208011-1","type":"progress","progress":{"depth":0,"expandedNodes":1,"placementsConsidered":4,"nextMapSize":4,"timeMs",0,0,0,,,,,0,0
1778499208011-1:{"reqId":"1778499208011-1","plan":{"action":"place","x":-1,"rotation":0},"score":-34,"sig":"{\"next\":[\"L\",\"I\",\"T\",\"Z\",\"S\",\"J\"],\"hold\":null,\"current\":{\"type\":\"O\",\"x\":3,\"y\":1,\"rotation\":0}}","profile":{"depthProfile":[{"depth":0,"expandedNodes":1,"placementsConsidered":4,"nextMapSize":4,"timeMs":10}],"placementCacheHits":0,"placementCacheMisses":2,"placementGeneratedCount":70,"totalTimeMs":10},"intermediate",0,0,0,,,,,0,0
1778499208011-1:{"reqId":"1778499208011-1","type":"progress","progress":{"piece":"I","iterCount",0,0,0,,,,,0,0
1778499208011-1:{"reqId":"1778499208011-1","type":"progress","progress":{"piece":"T","iterCount",0,0,0,,,,,0,0
1778499208011-1:{"reqId":"1778499208011-1","type":"progress","progress":{"depth":1,"expandedNodes":4,"placementsConsidered":16,"nextMapSize":15,"timeMs",0,0,0,,,,,0,0
1778499208011-1:{"reqId":"1778499208011-1","plan":{"action":"place","x":7,"rotation":0},"score":-92,"sig":"{\"next\":[\"L\",\"I\",\"T\",\"Z\",\"S\",\"J\"],\"hold\":null,\"current\":{\"type\":\"O\",\"x\":3,\"y\":1,\"rotation\":0}}","profile":{"depthProfile":[{"depth":0,"expandedNodes":1,"placementsConsidered":4,"nextMapSize":4,"timeMs":10},{"depth":1,"expandedNodes":4,"placementsConsidered":16,"nextMapSize":15,"timeMs":87}],"placementCacheHits":0,"placementCacheMisses":10,"placementGeneratedCount":346,"totalTimeMs":97},"intermediate",0,0,0,,,,,0,0
1778499208011-1:{"reqId":"1778499208011-1","type":"progress","progress":{"depth":2,"expandedNodes":4,"placementsConsidered":16,"nextMapSize":14,"timeMs",0,0,0,,,,,0,0
1778499208011-1:{"reqId":"1778499208011-1","plan":{"action":"place","x":7,"rotation":0},"score":-174,"sig":"{\"next\":[\"L\",\"I\",\"T\",\"Z\",\"S\",\"J\"],\"hold\":null,\"current\":{\"type\":\"O\",\"x\":3,\"y\":1,\"rotation\":0}}","profile":{"depthProfile":[{"depth":0,"expandedNodes":1,"placementsConsidered":4,"nextMapSize":4,"timeMs":10},{"depth":1,"expandedNodes":4,"placementsConsidered":16,"nextMapSize":15,"timeMs":87},{"depth":2,"expandedNodes":4,"placementsConsidered":16,"nextMapSize":14,"timeMs":125}],"placementCacheHits":0,"placementCacheMisses":18,"placementGeneratedCount":618,"totalTimeMs":237},"intermediate",0,0,0,,,,,0,0
1778499208011-1:{"reqId":"1778499208011-1","type":"progress","progress":{"piece":"Z","iterCount",0,0,0,,,,,0,0
1778499208011-1:{"reqId":"1778499208011-1","type":"progress","progress":{"depth":3,"expandedNodes":4,"placementsConsidered":16,"nextMapSize":16,"timeMs",0,0,0,,,,,0,0
1778499208011-1:{"reqId":"1778499208011-1","plan":{"action":"place","x":7,"rotation":0},"score":775,"sig":"{\"next\":[\"L\",\"I\",\"T\",\"Z\",\"S\",\"J\"],\"hold\":null,\"current\":{\"type\":\"O\",\"x\":3,\"y\":1,\"rotation\":0}}","profile":{"depthProfile":[{"depth":0,"expandedNodes":1,"placementsConsidered":4,"nextMapSize":4,"timeMs":10},{"depth":1,"expandedNodes":4,"placementsConsidered":16,"nextMapSize":15,"timeMs":87},{"depth":2,"expandedNodes":4,"placementsConsidered":16,"nextMapSize":14,"timeMs":125},{"depth":3,"expandedNodes":4,"placementsConsidered":16,"nextMapSize":16,"timeMs":124}],"placementCacheHits":0,"placementCacheMisses":26,"placementGeneratedCount":890,"totalTimeMs":377},"intermediate",0,0,0,,,,,0,0
1778499208011-1:{"reqId":"1778499208011-1","type":"progress","progress":{"piece":"S","iterCount",0,0,0,,,,,0,0
1778499208011-1:{"reqId":"1778499208011-1","type":"progress","progress":{"piece":"J","iterCount",0,0,0,,,,,0,0
1778499208011-1:{"reqId":"1778499208011-1","type":"progress","progress":{"depth":4,"expandedNodes":4,"placementsConsidered":16,"nextMapSize":11,"timeMs",0,0,0,,,,,0,0
1778499208011-1:{"reqId":"1778499208011-1","plan":{"action":"place","x":7,"rotation":0},"score":700,"sig":"{\"next\":[\"L\",\"I\",\"T\",\"Z\",\"S\",\"J\"],\"hold\":null,\"current\":{\"type\":\"O\",\"x\":3,\"y\":1,\"rotation\":0}}","profile":{"depthProfile":[{"depth":0,"expandedNodes":1,"placementsConsidered":4,"nextMapSize":4,"timeMs":10},{"depth":1,"expandedNodes":4,"placementsConsidered":16,"nextMapSize":15,"timeMs":87},{"depth":2,"expandedNodes":4,"placementsConsidered":16,"nextMapSize":14,"timeMs":125},{"depth":3,"expandedNodes":4,"placementsConsidered":16,"nextMapSize":16,"timeMs":124},{"depth":4,"expandedNodes":4,"placementsConsidered":16,"nextMapSize":11,"timeMs":110}],"placementCacheHits":1,"placementCacheMisses":33,"placementGeneratedCount":1128,"totalTimeMs":503},"intermediate",0,0,0,,,,,0,0
1778499208011-1:{"reqId":"1778499208011-1","type":"progress","progress":{"depth":5,"expandedNodes":2,"placementsConsidered":8,"nextMapSize":7,"timeMs",0,0,0,,,,,0,0
1778499208011-1:{"reqId":"1778499208011-1","plan":{"action":"place","x":7,"rotation":0},"score":1641,"sig":"{\"next\":[\"L\",\"I\",\"T\",\"Z\",\"S\",\"J\"],\"hold\":null,\"current\":{\"type\":\"O\",\"x\":3,\"y\":1,\"rotation\":0}}","profile":{"depthProfile":[{"depth":0,"expandedNodes":1,"placementsConsidered":4,"nextMapSize":4,"timeMs":10},{"depth":1,"expandedNodes":4,"placementsConsidered":16,"nextMapSize":15,"timeMs":87},{"depth":2,"expandedNodes":4,"placementsConsidered":16,"nextMapSize":14,"timeMs":125},{"depth":3,"expandedNodes":4,"placementsConsidered":16,"nextMapSize":16,"timeMs":124},{"depth":4,"expandedNodes":4,"placementsConsidered":16,"nextMapSize":11,"timeMs":110},{"depth":5,"expandedNodes":2,"placementsConsidered":8,"nextMapSize":7,"timeMs":63}],"placementCacheHits":1,"placementCacheMisses":37,"placementGeneratedCount":1264,"totalTimeMs":581},"intermediate",0,0,0,,,,,0,0
1778499208011-1:{"reqId":"1778499208011-1","plan":{"action":"place","x":7,"rotation":0},"score":1641,"sig":"{\"next\":[\"L\",\"I\",\"T\",\"Z\",\"S\",\"J\"],\"hold\":null,\"current\":{\"type\":\"O\",\"x\":3,\"y\":1,\"rotation\":0}}","profile":{"depthProfile":[{"depth":0,"expandedNodes":1,"placementsConsidered":4,"nextMapSize":4,"timeMs":10},{"depth":1,"expandedNodes":4,"placementsConsidered":16,"nextMapSize":15,"timeMs":87},{"depth":2,"expandedNodes":4,"placementsConsidered":16,"nextMapSize":14,"timeMs":125},{"depth":3,"expandedNodes":4,"placementsConsidered":16,"nextMapSize":16,"timeMs":124},{"depth":4,"expandedNodes":4,"placementsConsidered":16,"nextMapSize":11,"timeMs":110},{"depth":5,"expandedNodes":2,"placementsConsidered":8,"nextMapSize":7,"timeMs":63}],"placementCacheHits":1,"placementCacheMisses":37,"placementGeneratedCount":1264,"totalTimeMs",0,0,0,,,,,0,0
1778499209468-2,16,0,0,,,,669.00,30,1230
1778499209468-2:{"reqId":"1778499209468-2","type":"progress","progress":{"started",0,0,0,,,,,0,0
1778499209468-2:{"reqId":"1778499209468-2","type":"progress","progress":{"piece":"J","iterCount",0,0,0,,,,,0,0
1778499209468-2:{"reqId":"1778499209468-2","type":"progress","progress":{"piece":"I","iterCount",0,0,0,,,,,0,0
1778499209468-2:{"reqId":"1778499209468-2","type":"progress","progress":{"depth":0,"expandedNodes":1,"placementsConsidered":4,"nextMapSize":4,"timeMs",0,0,0,,,,,0,0
1778499209468-2:{"reqId":"1778499209468-2","plan":{"action":"place","x":2,"rotation":0},"score":-1622,"sig":"{\"next\":[\"I\",\"Z\",\"O\",\"T\",\"L\",\"S\"],\"hold\":null,\"current\":{\"type\":\"J\",\"x\":3,\"y\":-1,\"rotation\":0}}","profile":{"depthProfile":[{"depth":0,"expandedNodes":1,"placementsConsidered":4,"nextMapSize":4,"timeMs":8}],"placementCacheHits":0,"placementCacheMisses":2,"placementGeneratedCount":68,"totalTimeMs":8},"intermediate",0,0,0,,,,,0,0
1778499209468-2:{"reqId":"1778499209468-2","type":"progress","progress":{"piece":"Z","iterCount",0,0,0,,,,,0,0
1778499209468-2:{"reqId":"1778499209468-2","type":"progress","progress":{"piece":"O","iterCount",0,0,0,,,,,0,0
1778499209468-2:{"reqId":"1778499209468-2","type":"progress","progress":{"depth":1,"expandedNodes":4,"placementsConsidered":16,"nextMapSize":12,"timeMs",0,0,0,,,,,0,0
1778499209468-2:{"reqId":"1778499209468-2","plan":{"action":"place","x":2,"rotation":0},"score":-3268,"sig":"{\"next\":[\"I\",\"Z\",\"O\",\"T\",\"L\",\"S\"],\"hold\":null,\"current\":{\"type\":\"J\",\"x\":3,\"y\":-1,\"rotation\":0}}","profile":{"depthProfile":[{"depth":0,"expandedNodes":1,"placementsConsidered":4,"nextMapSize":4,"timeMs":8},{"depth":1,"expandedNodes":4,"placementsConsidered":16,"nextMapSize":12,"timeMs":68}],"placementCacheHits":1,"placementCacheMisses":9,"placementGeneratedCount":308,"totalTimeMs":77},"intermediate",0,0,0,,,,,0,0
1778499209468-2:{"reqId":"1778499209468-2","type":"progress","progress":{"piece":"T","iterCount",0,0,0,,,,,0,0
1778499209468-2:{"reqId":"1778499209468-2","type":"progress","progress":{"depth":2,"expandedNodes":4,"placementsConsidered":16,"nextMapSize":13,"timeMs",0,0,0,,,,,0,0
1778499209468-2:{"reqId":"1778499209468-2","plan":{"action":"place","x":2,"rotation":0},"score":-4938,"sig":"{\"next\":[\"I\",\"Z\",\"O\",\"T\",\"L\",\"S\"],\"hold\":null,\"current\":{\"type\":\"J\",\"x\":3,\"y\":-1,\"rotation\":0}}","profile":{"depthProfile":[{"depth":0,"expandedNodes":1,"placementsConsidered":4,"nextMapSize":4,"timeMs":8},{"depth":1,"expandedNodes":4,"placementsConsidered":16,"nextMapSize":12,"timeMs":68},{"depth":2,"expandedNodes":4,"placementsConsidered":16,"nextMapSize":13,"timeMs":126}],"placementCacheHits":1,"placementCacheMisses":17,"placementGeneratedCount":586,"totalTimeMs":216},"intermediate",0,0,0,,,,,0,0
1778499209468-2:{"reqId":"1778499209468-2","type":"progress","progress":{"piece":"L","iterCount",0,0,0,,,,,0,0
1778499209468-2:{"reqId":"1778499209468-2","type":"progress","progress":{"depth":3,"expandedNodes":4,"placementsConsidered":16,"nextMapSize":16,"timeMs",0,0,0,,,,,0,0
1778499209468-2:{"reqId":"1778499209468-2","plan":{"action":"place","x":2,"rotation":0},"score":-6632,"sig":"{\"next\":[\"I\",\"Z\",\"O\",\"T\",\"L\",\"S\"],\"hold\":null,\"current\":{\"type\":\"J\",\"x\":3,\"y\":-1,\"rotation\":0}}","profile":{"depthProfile":[{"depth":0,"expandedNodes":1,"placementsConsidered":4,"nextMapSize":4,"timeMs":8},{"depth":1,"expandedNodes":4,"placementsConsidered":16,"nextMapSize":12,"timeMs":68},{"depth":2,"expandedNodes":4,"placementsConsidered":16,"nextMapSize":13,"timeMs":126},{"depth":3,"expandedNodes":4,"placementsConsidered":16,"nextMapSize":16,"timeMs":126}],"placementCacheHits":1,"placementCacheMisses":25,"placementGeneratedCount":864,"totalTimeMs":357},"intermediate",0,0,0,,,,,0,0
1778499209468-2:{"reqId":"1778499209468-2","type":"progress","progress":{"depth":4,"expandedNodes":4,"placementsConsidered":16,"nextMapSize":16,"timeMs",0,0,0,,,,,0,0
1778499209468-2:{"reqId":"1778499209468-2","plan":{"action":"place","x":2,"rotation":0},"score":-7038,"sig":"{\"next\":[\"I\",\"Z\",\"O\",\"T\",\"L\",\"S\"],\"hold\":null,\"current\":{\"type\":\"J\",\"x\":3,\"y\":-1,\"rotation\":0}}","profile":{"depthProfile":[{"depth":0,"expandedNodes":1,"placementsConsidered":4,"nextMapSize":4,"timeMs":8},{"depth":1,"expandedNodes":4,"placementsConsidered":16,"nextMapSize":12,"timeMs":68},{"depth":2,"expandedNodes":4,"placementsConsidered":16,"nextMapSize":13,"timeMs":126},{"depth":3,"expandedNodes":4,"placementsConsidered":16,"nextMapSize":16,"timeMs":126},{"depth":4,"expandedNodes":4,"placementsConsidered":16,"nextMapSize":16,"timeMs":141}],"placementCacheHits":1,"placementCacheMisses":33,"placementGeneratedCount":1136,"totalTimeMs":513},"intermediate",0,0,0,,,,,0,0
1778499209468-2:{"reqId":"1778499209468-2","type":"progress","progress":{"piece":"S","iterCount",0,0,0,,,,,0,0
1778499209468-2:{"reqId":"1778499209468-2","type":"progress","progress":{"depth":5,"expandedNodes":4,"placementsConsidered":16,"nextMapSize":12,"timeMs",0,0,0,,,,,0,0
1778499209468-2:{"reqId":"1778499209468-2","plan":{"action":"place","x":2,"rotation":0},"score":-8483,"sig":"{\"next\":[\"I\",\"Z\",\"O\",\"T\",\"L\",\"S\"],\"hold\":null,\"current\":{\"type\":\"J\",\"x\":3,\"y\":-1,\"rotation\":0}}","profile":{"depthProfile":[{"depth":0,"expandedNodes":1,"placementsConsidered":4,"nextMapSize":4,"timeMs":8},{"depth":1,"expandedNodes":4,"placementsConsidered":16,"nextMapSize":12,"timeMs":68},{"depth":2,"expandedNodes":4,"placementsConsidered":16,"nextMapSize":13,"timeMs":126},{"depth":3,"expandedNodes":4,"placementsConsidered":16,"nextMapSize":16,"timeMs":126},{"depth":4,"expandedNodes":4,"placementsConsidered":16,"nextMapSize":16,"timeMs":141},{"depth":5,"expandedNodes":4,"placementsConsidered":16,"nextMapSize":12,"timeMs":125}],"placementCacheHits":1,"placementCacheMisses":41,"placementGeneratedCount":1408,"totalTimeMs":654},"intermediate",0,0,0,,,,,0,0
1778499209468-2:{"reqId":"1778499209468-2","plan":{"action":"place","x":2,"rotation":0},"score":-8483,"sig":"{\"next\":[\"I\",\"Z\",\"O\",\"T\",\"L\",\"S\"],\"hold\":null,\"current\":{\"type\":\"J\",\"x\":3,\"y\":-1,\"rotation\":0}}","profile":{"depthProfile":[{"depth":0,"expandedNodes":1,"placementsConsidered":4,"nextMapSize":4,"timeMs":8},{"depth":1,"expandedNodes":4,"placementsConsidered":16,"nextMapSize":12,"timeMs":68},{"depth":2,"expandedNodes":4,"placementsConsidered":16,"nextMapSize":13,"timeMs":126},{"depth":3,"expandedNodes":4,"placementsConsidered":16,"nextMapSize":16,"timeMs":126},{"depth":4,"expandedNodes":4,"placementsConsidered":16,"nextMapSize":16,"timeMs":141},{"depth":5,"expandedNodes":4,"placementsConsidered":16,"nextMapSize":12,"timeMs":125}],"placementCacheHits":1,"placementCacheMisses":41,"placementGeneratedCount":1408,"totalTimeMs",0,0,0,,,,,0,0
1778499210998-3,22,0,0,,,,493.00,56,896
1778499210998-3:{"reqId":"1778499210998-3","type":"progress","progress":{"started",0,0,0,,,,,0,0
1778499210998-3:{"reqId":"1778499210998-3","type":"progress","progress":{"piece":"L","iterCount",0,0,0,,,,,0,0
1778499210998-3:{"reqId":"1778499210998-3","type":"progress","progress":{"piece":"Z","iterCount",0,0,0,,,,,0,0
1778499210998-3:{"reqId":"1778499210998-3","type":"progress","progress":{"depth":0,"expandedNodes":1,"placementsConsidered":4,"nextMapSize":4,"timeMs",0,0,0,,,,,0,0
1778499210998-3:{"reqId":"1778499210998-3","plan":{"action":"place","x":-2,"rotation":1},"score":-1641,"sig":"{\"next\":[\"Z\",\"T\",\"O\",\"I\",\"J\",\"S\"],\"hold\":null,\"current\":{\"type\":\"L\",\"x\":3,\"y\":0,\"rotation\":0}}","profile":{"depthProfile":[{"depth":0,"expandedNodes":1,"placementsConsidered":4,"nextMapSize":4,"timeMs":8}],"placementCacheHits":0,"placementCacheMisses":2,"placementGeneratedCount":68,"totalTimeMs":8},"intermediate",0,0,0,,,,,0,0
1778499210998-3:{"reqId":"1778499210998-3","type":"progress","progress":{"piece":"T","iterCount",0,0,0,,,,,0,0
1778499210998-3:{"reqId":"1778499210998-3","type":"progress","progress":{"piece":"O","iterCount",0,0,0,,,,,0,0
1778499210998-3:{"reqId":"1778499210998-3","type":"progress","progress":{"depth":1,"expandedNodes":4,"placementsConsidered":16,"nextMapSize":11,"timeMs",0,0,0,,,,,0,0
1778499210998-3:{"reqId":"1778499210998-3","plan":{"action":"place","x":-2,"rotation":1},"score":-4311,"sig":"{\"next\":[\"Z\",\"T\",\"O\",\"I\",\"J\",\"S\"],\"hold\":null,\"current\":{\"type\":\"L\",\"x\":3,\"y\":0,\"rotation\":0}}","profile":{"depthProfile":[{"depth":0,"expandedNodes":1,"placementsConsidered":4,"nextMapSize":4,"timeMs":8},{"depth":1,"expandedNodes":4,"placementsConsidered":16,"nextMapSize":11,"timeMs":68}],"placementCacheHits":1,"placementCacheMisses":9,"placementGeneratedCount":308,"totalTimeMs":76},"intermediate",0,0,0,,,,,0,0
1778499210998-3:{"reqId":"1778499210998-3","type":"progress","progress":{"piece":"I","iterCount",0,0,0,,,,,0,0
1778499210998-3:{"reqId":"1778499210998-3","type":"progress","progress":{"depth":2,"expandedNodes":4,"placementsConsidered":16,"nextMapSize":14,"timeMs",0,0,0,,,,,0,0
1778499210998-3:{"reqId":"1778499210998-3","plan":{"action":"place","x":-2,"rotation":1},"score":-5945,"sig":"{\"next\":[\"Z\",\"T\",\"O\",\"I\",\"J\",\"S\"],\"hold\":null,\"current\":{\"type\":\"L\",\"x\":3,\"y\":0,\"rotation\":0}}","profile":{"depthProfile":[{"depth":0,"expandedNodes":1,"placementsConsidered":4,"nextMapSize":4,"timeMs":8},{"depth":1,"expandedNodes":4,"placementsConsidered":16,"nextMapSize":11,"timeMs":68},{"depth":2,"expandedNodes":4,"placementsConsidered":16,"nextMapSize":14,"timeMs":122}],"placementCacheHits":1,"placementCacheMisses":17,"placementGeneratedCount":584,"totalTimeMs":212},"intermediate",0,0,0,,,,,0,0
1778499210998-3:{"reqId":"1778499210998-3","type":"progress","progress":{"piece":"J","iterCount",0,0,0,,,,,0,0
1778499210998-3:{"reqId":"1778499210998-3","type":"progress","progress":{"depth":3,"expandedNodes":4,"placementsConsidered":16,"nextMapSize":13,"timeMs",0,0,0,,,,,0,0
1778499210998-3:{"reqId":"1778499210998-3","plan":{"action":"place","x":-2,"rotation":1},"score":-8563,"sig":"{\"next\":[\"Z\",\"T\",\"O\",\"I\",\"J\",\"S\"],\"hold\":null,\"current\":{\"type\":\"L\",\"x\":3,\"y\":0,\"rotation\":0}}","profile":{"depthProfile":[{"depth":0,"expandedNodes":1,"placementsConsidered":4,"nextMapSize":4,"timeMs":8},{"depth":1,"expandedNodes":4,"placementsConsidered":16,"nextMapSize":11,"timeMs":68},{"depth":2,"expandedNodes":4,"placementsConsidered":16,"nextMapSize":14,"timeMs":122},{"depth":3,"expandedNodes":4,"placementsConsidered":16,"nextMapSize":13,"timeMs":109}],"placementCacheHits":2,"placementCacheMisses":24,"placementGeneratedCount":822,"totalTimeMs":337},"intermediate",0,0,0,,,,,0,0
1778499210998-3:{"reqId":"1778499210998-3","type":"progress","progress":{"piece":"S","iterCount",0,0,0,,,,,0,0
1778499210998-3:{"reqId":"1778499210998-3","type":"progress","progress":{"depth":4,"expandedNodes":4,"placementsConsidered":16,"nextMapSize":14,"timeMs",0,0,0,,,,,0,0
1778499210998-3:{"reqId":"1778499210998-3","plan":{"action":"place","x":-2,"rotation":1},"score":-11215,"sig":"{\"next\":[\"Z\",\"T\",\"O\",\"I\",\"J\",\"S\"],\"hold\":null,\"current\":{\"type\":\"L\",\"x\":3,\"y\":0,\"rotation\":0}}","profile":{"depthProfile":[{"depth":0,"expandedNodes":1,"placementsConsidered":4,"nextMapSize":4,"timeMs":8},{"depth":1,"expandedNodes":4,"placementsConsidered":16,"nextMapSize":11,"timeMs":68},{"depth":2,"expandedNodes":4,"placementsConsidered":16,"nextMapSize":14,"timeMs":122},{"depth":3,"expandedNodes":4,"placementsConsidered":16,"nextMapSize":13,"timeMs":109},{"depth":4,"expandedNodes":4,"placementsConsidered":16,"nextMapSize":14,"timeMs":124}],"placementCacheHits":2,"placementCacheMisses":32,"placementGeneratedCount":1094,"totalTimeMs":476},"intermediate",0,0,0,,,,,0,0
1778499210998-3:{"reqId":"1778499210998-3","plan":{"action":"place","x":-2,"rotation":1},"score":-11215,"sig":"{\"next\":[\"Z\",\"T\",\"O\",\"I\",\"J\",\"S\"],\"hold\":null,\"current\":{\"type\":\"L\",\"x\":3,\"y\":0,\"rotation\":0}}","profile":{"depthProfile":[{"depth":0,"expandedNodes":1,"placementsConsidered":4,"nextMapSize":4,"timeMs":8},{"depth":1,"expandedNodes":4,"placementsConsidered":16,"nextMapSize":11,"timeMs":68},{"depth":2,"expandedNodes":4,"placementsConsidered":16,"nextMapSize":14,"timeMs":122},{"depth":3,"expandedNodes":4,"placementsConsidered":16,"nextMapSize":13,"timeMs":109},{"depth":4,"expandedNodes":4,"placementsConsidered":16,"nextMapSize":14,"timeMs":124}],"placementCacheHits":2,"placementCacheMisses":32,"placementGeneratedCount":1094,"totalTimeMs",0,0,0,,,,,0,0
1778499212381-4,22,0,0,,,,317.00,196,588
1778499212381-4:{"reqId":"1778499212381-4","type":"progress","progress":{"started",0,0,0,,,,,0,0
1778499212381-4:{"reqId":"1778499212381-4","type":"progress","progress":{"piece":"S","iterCount",0,0,0,,,,,0,0
1778499212381-4:{"reqId":"1778499212381-4","type":"progress","progress":{"piece":"I","iterCount",0,0,0,,,,,0,0
1778499212381-4:{"reqId":"1778499212381-4","type":"progress","progress":{"depth":0,"expandedNodes":1,"placementsConsidered":4,"nextMapSize":3,"timeMs",0,0,0,,,,,0,0
1778499212381-4:{"reqId":"1778499212381-4","plan":{"action":"hold","slot":1},"score":-4145,"sig":"{\"next\":[\"I\",\"O\",\"Z\",\"S\",\"T\",\"J\"],\"hold\":null,\"current\":{\"type\":\"S\",\"x\":3,\"y\":0,\"rotation\":0}}","profile":{"depthProfile":[{"depth":0,"expandedNodes":1,"placementsConsidered":4,"nextMapSize":3,"timeMs":5}],"placementCacheHits":0,"placementCacheMisses":2,"placementGeneratedCount":68,"totalTimeMs":5},"intermediate",0,0,0,,,,,0,0
1778499212381-4:{"reqId":"1778499212381-4","type":"progress","progress":{"piece":"O","iterCount",0,0,0,,,,,0,0
1778499212381-4:{"reqId":"1778499212381-4","type":"progress","progress":{"piece":"Z","iterCount",0,0,0,,,,,0,0
1778499212381-4:{"reqId":"1778499212381-4","type":"progress","progress":{"depth":1,"expandedNodes":3,"placementsConsidered":12,"nextMapSize":7,"timeMs",0,0,0,,,,,0,0
1778499212381-4:{"reqId":"1778499212381-4","plan":{"action":"hold","slot":1},"score":-7214,"sig":"{\"next\":[\"I\",\"O\",\"Z\",\"S\",\"T\",\"J\"],\"hold\":null,\"current\":{\"type\":\"S\",\"x\":3,\"y\":0,\"rotation\":0}}","profile":{"depthProfile":[{"depth":0,"expandedNodes":1,"placementsConsidered":4,"nextMapSize":3,"timeMs":5},{"depth":1,"expandedNodes":3,"placementsConsidered":12,"nextMapSize":7,"timeMs":29}],"placementCacheHits":1,"placementCacheMisses":7,"placementGeneratedCount":242,"totalTimeMs":35},"intermediate",0,0,0,,,,,0,0
1778499212381-4:{"reqId":"1778499212381-4","type":"progress","progress":{"depth":2,"expandedNodes":4,"placementsConsidered":16,"nextMapSize":10,"timeMs",0,0,0,,,,,0,0
1778499212381-4:{"reqId":"1778499212381-4","plan":{"action":"hold","slot":1},"score":-11327,"sig":"{\"next\":[\"I\",\"O\",\"Z\",\"S\",\"T\",\"J\"],\"hold\":null,\"current\":{\"type\":\"S\",\"x\":3,\"y\":0,\"rotation\":0}}","profile":{"depthProfile":[{"depth":0,"expandedNodes":1,"placementsConsidered":4,"nextMapSize":3,"timeMs":5},{"depth":1,"expandedNodes":3,"placementsConsidered":12,"nextMapSize":7,"timeMs":29},{"depth":2,"expandedNodes":4,"placementsConsidered":16,"nextMapSize":10,"timeMs":79}],"placementCacheHits":4,"placementCacheMisses":12,"placementGeneratedCount":412,"totalTimeMs":129},"intermediate",0,0,0,,,,,0,0
1778499212381-4:{"reqId":"1778499212381-4","type":"progress","progress":{"piece":"T","iterCount",0,0,0,,,,,0,0
1778499212381-4:{"reqId":"1778499212381-4","type":"progress","progress":{"piece":"J","iterCount",0,0,0,,,,,0,0
1778499212381-4:{"reqId":"1778499212381-4","type":"progress","progress":{"depth":3,"expandedNodes":4,"placementsConsidered":16,"nextMapSize":12,"timeMs",0,0,0,,,,,0,0
1778499212381-4:{"reqId":"1778499212381-4","plan":{"action":"hold","slot":1},"score":-15474,"sig":"{\"next\":[\"I\",\"O\",\"Z\",\"S\",\"T\",\"J\"],\"hold\":null,\"current\":{\"type\":\"S\",\"x\":3,\"y\":0,\"rotation\":0}}","profile":{"depthProfile":[{"depth":0,"expandedNodes":1,"placementsConsidered":4,"nextMapSize":3,"timeMs":5},{"depth":1,"expandedNodes":3,"placementsConsidered":12,"nextMapSize":7,"timeMs":29},{"depth":2,"expandedNodes":4,"placementsConsidered":16,"nextMapSize":10,"timeMs":79},{"depth":3,"expandedNodes":4,"placementsConsidered":16,"nextMapSize":12,"timeMs":80}],"placementCacheHits":7,"placementCacheMisses":17,"placementGeneratedCount":582,"totalTimeMs":224},"intermediate",0,0,0,,,,,0,0
1778499212381-4:{"reqId":"1778499212381-4","type":"progress","progress":{"depth":4,"expandedNodes":2,"placementsConsidered":8,"nextMapSize":6,"timeMs",0,0,0,,,,,0,0
1778499212381-4:{"reqId":"1778499212381-4","plan":{"action":"hold","slot":1},"score":-19655,"sig":"{\"next\":[\"I\",\"O\",\"Z\",\"S\",\"T\",\"J\"],\"hold\":null,\"current\":{\"type\":\"S\",\"x\":3,\"y\":0,\"rotation\":0}}","profile":{"depthProfile":[{"depth":0,"expandedNodes":1,"placementsConsidered":4,"nextMapSize":3,"timeMs":5},{"depth":1,"expandedNodes":3,"placementsConsidered":12,"nextMapSize":7,"timeMs":29},{"depth":2,"expandedNodes":4,"placementsConsidered":16,"nextMapSize":10,"timeMs":79},{"depth":3,"expandedNodes":4,"placementsConsidered":16,"nextMapSize":12,"timeMs":80},{"depth":4,"expandedNodes":2,"placementsConsidered":8,"nextMapSize":6,"timeMs":62}],"placementCacheHits":7,"placementCacheMisses":21,"placementGeneratedCount":718,"totalTimeMs":301},"intermediate",0,0,0,,,,,0,0
1778499212381-4:{"reqId":"1778499212381-4","plan":{"action":"hold","slot":1},"score":-19655,"sig":"{\"next\":[\"I\",\"O\",\"Z\",\"S\",\"T\",\"J\"],\"hold\":null,\"current\":{\"type\":\"S\",\"x\":3,\"y\":0,\"rotation\":0}}","profile":{"depthProfile":[{"depth":0,"expandedNodes":1,"placementsConsidered":4,"nextMapSize":3,"timeMs":5},{"depth":1,"expandedNodes":3,"placementsConsidered":12,"nextMapSize":7,"timeMs":29},{"depth":2,"expandedNodes":4,"placementsConsidered":16,"nextMapSize":10,"timeMs":79},{"depth":3,"expandedNodes":4,"placementsConsidered":16,"nextMapSize":12,"timeMs":80},{"depth":4,"expandedNodes":2,"placementsConsidered":8,"nextMapSize":6,"timeMs":62}],"placementCacheHits":7,"placementCacheMisses":21,"placementGeneratedCount":718,"totalTimeMs",0,0,0,,,,,0,0
1778499213534-5,22,0,0,,,,453.00,30,870
1778499213534-5:{"reqId":"1778499213534-5","type":"progress","progress":{"started",0,0,0,,,,,0,0
1778499213534-5:{"reqId":"1778499213534-5","type":"progress","progress":{"piece":"S","iterCount",0,0,0,,,,,0,0
1778499213534-5:{"reqId":"1778499213534-5","type":"progress","progress":{"piece":"I","iterCount",0,0,0,,,,,0,0
1778499213534-5:{"reqId":"1778499213534-5","type":"progress","progress":{"depth":0,"expandedNodes":1,"placementsConsidered":4,"nextMapSize":3,"timeMs",0,0,0,,,,,0,0
1778499213534-5:{"reqId":"1778499213534-5","plan":{"action":"hold","slot":1},"score":-4145,"sig":"{\"next\":[\"O\",\"Z\",\"S\",\"T\",\"J\",\"L\"],\"hold\":\"I\",\"current\":{\"type\":\"S\",\"x\":3,\"y\":0,\"rotation\":0}}","profile":{"depthProfile":[{"depth":0,"expandedNodes":1,"placementsConsidered":4,"nextMapSize":3,"timeMs":8}],"placementCacheHits":0,"placementCacheMisses":2,"placementGeneratedCount":68,"totalTimeMs":9},"intermediate",0,0,0,,,,,0,0
1778499213534-5:{"reqId":"1778499213534-5","type":"progress","progress":{"piece":"O","iterCount",0,0,0,,,,,0,0
1778499213534-5:{"reqId":"1778499213534-5","type":"progress","progress":{"piece":"Z","iterCount",0,0,0,,,,,0,0
1778499213534-5:{"reqId":"1778499213534-5","type":"progress","progress":{"depth":1,"expandedNodes":3,"placementsConsidered":12,"nextMapSize":7,"timeMs",0,0,0,,,,,0,0
1778499213534-5:{"reqId":"1778499213534-5","plan":{"action":"hold","slot":1},"score":-7214,"sig":"{\"next\":[\"O\",\"Z\",\"S\",\"T\",\"J\",\"L\"],\"hold\":\"I\",\"current\":{\"type\":\"S\",\"x\":3,\"y\":0,\"rotation\":0}}","profile":{"depthProfile":[{"depth":0,"expandedNodes":1,"placementsConsidered":4,"nextMapSize":3,"timeMs":8},{"depth":1,"expandedNodes":3,"placementsConsidered":12,"nextMapSize":7,"timeMs":44}],"placementCacheHits":1,"placementCacheMisses":7,"placementGeneratedCount":242,"totalTimeMs":54},"intermediate",0,0,0,,,,,0,0
1778499213534-5:{"reqId":"1778499213534-5","type":"progress","progress":{"depth":2,"expandedNodes":4,"placementsConsidered":16,"nextMapSize":12,"timeMs",0,0,0,,,,,0,0
1778499213534-5:{"reqId":"1778499213534-5","plan":{"action":"hold","slot":1},"score":-11327,"sig":"{\"next\":[\"O\",\"Z\",\"S\",\"T\",\"J\",\"L\"],\"hold\":\"I\",\"current\":{\"type\":\"S\",\"x\":3,\"y\":0,\"rotation\":0}}","profile":{"depthProfile":[{"depth":0,"expandedNodes":1,"placementsConsidered":4,"nextMapSize":3,"timeMs":8},{"depth":1,"expandedNodes":3,"placementsConsidered":12,"nextMapSize":7,"timeMs":44},{"depth":2,"expandedNodes":4,"placementsConsidered":16,"nextMapSize":12,"timeMs":125}],"placementCacheHits":1,"placementCacheMisses":15,"placementGeneratedCount":514,"totalTimeMs":192},"intermediate",0,0,0,,,,,0,0
1778499213534-5:{"reqId":"1778499213534-5","type":"progress","progress":{"piece":"T","iterCount",0,0,0,,,,,0,0
1778499213534-5:{"reqId":"1778499213534-5","type":"progress","progress":{"piece":"J","iterCount",0,0,0,,,,,0,0
1778499213534-5:{"reqId":"1778499213534-5","type":"progress","progress":{"depth":3,"expandedNodes":4,"placementsConsidered":16,"nextMapSize":15,"timeMs",0,0,0,,,,,0,0
1778499213534-5:{"reqId":"1778499213534-5","plan":{"action":"hold","slot":1},"score":-15424,"sig":"{\"next\":[\"O\",\"Z\",\"S\",\"T\",\"J\",\"L\"],\"hold\":\"I\",\"current\":{\"type\":\"S\",\"x\":3,\"y\":0,\"rotation\":0}}","profile":{"depthProfile":[{"depth":0,"expandedNodes":1,"placementsConsidered":4,"nextMapSize":3,"timeMs":8},{"depth":1,"expandedNodes":3,"placementsConsidered":12,"nextMapSize":7,"timeMs":44},{"depth":2,"expandedNodes":4,"placementsConsidered":16,"nextMapSize":12,"timeMs":125},{"depth":3,"expandedNodes":4,"placementsConsidered":16,"nextMapSize":15,"timeMs":124}],"placementCacheHits":1,"placementCacheMisses":23,"placementGeneratedCount":786,"totalTimeMs":331},"intermediate",0,0,0,,,,,0,0
1778499213534-5:{"reqId":"1778499213534-5","type":"progress","progress":{"piece":"L","iterCount",0,0,0,,,,,0,0
1778499213534-5:{"reqId":"1778499213534-5","type":"progress","progress":{"depth":4,"expandedNodes":3,"placementsConsidered":12,"nextMapSize":11,"timeMs",0,0,0,,,,,0,0
1778499213534-5:{"reqId":"1778499213534-5","plan":{"action":"hold","slot":1},"score":-18545,"sig":"{\"next\":[\"O\",\"Z\",\"S\",\"T\",\"J\",\"L\"],\"hold\":\"I\",\"current\":{\"type\":\"S\",\"x\":3,\"y\":0,\"rotation\":0}}","profile":{"depthProfile":[{"depth":0,"expandedNodes":1,"placementsConsidered":4,"nextMapSize":3,"timeMs":8},{"depth":1,"expandedNodes":3,"placementsConsidered":12,"nextMapSize":7,"timeMs":44},{"depth":2,"expandedNodes":4,"placementsConsidered":16,"nextMapSize":12,"timeMs":125},{"depth":3,"expandedNodes":4,"placementsConsidered":16,"nextMapSize":15,"timeMs":124},{"depth":4,"expandedNodes":3,"placementsConsidered":12,"nextMapSize":11,"timeMs":90}],"placementCacheHits":1,"placementCacheMisses":29,"placementGeneratedCount":990,"totalTimeMs":437},"intermediate",0,0,0,,,,,0,0
1778499213534-5:{"reqId":"1778499213534-5","plan":{"action":"hold","slot":1},"score":-18545,"sig":"{\"next\":[\"O\",\"Z\",\"S\",\"T\",\"J\",\"L\"],\"hold\":\"I\",\"current\":{\"type\":\"S\",\"x\":3,\"y\":0,\"rotation\":0}}","profile":{"depthProfile":[{"depth":0,"expandedNodes":1,"placementsConsidered":4,"nextMapSize":3,"timeMs":8},{"depth":1,"expandedNodes":3,"placementsConsidered":12,"nextMapSize":7,"timeMs":44},{"depth":2,"expandedNodes":4,"placementsConsidered":16,"nextMapSize":12,"timeMs":125},{"depth":3,"expandedNodes":4,"placementsConsidered":16,"nextMapSize":15,"timeMs":124},{"depth":4,"expandedNodes":3,"placementsConsidered":12,"nextMapSize":11,"timeMs":90}],"placementCacheHits":1,"placementCacheMisses":29,"placementGeneratedCount":990,"totalTimeMs",0,0,0,,,,,0,0
1778499214836-6,24,0,0,,,,448.00,30,870
1778499214836-6:{"reqId":"1778499214836-6","type":"progress","progress":{"started",0,0,0,,,,,0,0
1778499214836-6:{"reqId":"1778499214836-6","type":"progress","progress":{"piece":"S","iterCount",0,0,0,,,,,0,0
1778499214836-6:{"reqId":"1778499214836-6","type":"progress","progress":{"piece":"I","iterCount",0,0,0,,,,,0,0
1778499214836-6:{"reqId":"1778499214836-6","type":"progress","progress":{"depth":0,"expandedNodes":1,"placementsConsidered":4,"nextMapSize":3,"timeMs",0,0,0,,,,,0,0
1778499214836-6:{"reqId":"1778499214836-6","plan":{"action":"hold","slot":1},"score":-4145,"sig":"{\"next\":[\"O\",\"Z\",\"S\",\"T\",\"J\",\"L\"],\"hold\":\"I\",\"current\":{\"type\":\"S\",\"x\":3,\"y\":2,\"rotation\":0}}","profile":{"depthProfile":[{"depth":0,"expandedNodes":1,"placementsConsidered":4,"nextMapSize":3,"timeMs":5}],"placementCacheHits":0,"placementCacheMisses":2,"placementGeneratedCount":68,"totalTimeMs":5},"intermediate",0,0,0,,,,,0,0
1778499214836-6:{"reqId":"1778499214836-6","type":"progress","progress":{"piece":"O","iterCount",0,0,0,,,,,0,0
1778499214836-6:{"reqId":"1778499214836-6","type":"progress","progress":{"piece":"Z","iterCount",0,0,0,,,,,0,0
1778499214836-6:{"reqId":"1778499214836-6","type":"progress","progress":{"depth":1,"expandedNodes":3,"placementsConsidered":12,"nextMapSize":7,"timeMs",0,0,0,,,,,0,0
1778499214836-6:{"reqId":"1778499214836-6","plan":{"action":"hold","slot":1},"score":-7214,"sig":"{\"next\":[\"O\",\"Z\",\"S\",\"T\",\"J\",\"L\"],\"hold\":\"I\",\"current\":{\"type\":\"S\",\"x\":3,\"y\":2,\"rotation\":0}}","profile":{"depthProfile":[{"depth":0,"expandedNodes":1,"placementsConsidered":4,"nextMapSize":3,"timeMs":5},{"depth":1,"expandedNodes":3,"placementsConsidered":12,"nextMapSize":7,"timeMs":42}],"placementCacheHits":1,"placementCacheMisses":7,"placementGeneratedCount":242,"totalTimeMs":47},"intermediate",0,0,0,,,,,0,0
1778499214836-6:{"reqId":"1778499214836-6","type":"progress","progress":{"depth":2,"expandedNodes":4,"placementsConsidered":16,"nextMapSize":12,"timeMs",0,0,0,,,,,0,0
1778499214836-6:{"reqId":"1778499214836-6","plan":{"action":"hold","slot":1},"score":-11327,"sig":"{\"next\":[\"O\",\"Z\",\"S\",\"T\",\"J\",\"L\"],\"hold\":\"I\",\"current\":{\"type\":\"S\",\"x\":3,\"y\":2,\"rotation\":0}}","profile":{"depthProfile":[{"depth":0,"expandedNodes":1,"placementsConsidered":4,"nextMapSize":3,"timeMs":5},{"depth":1,"expandedNodes":3,"placementsConsidered":12,"nextMapSize":7,"timeMs":42},{"depth":2,"expandedNodes":4,"placementsConsidered":16,"nextMapSize":12,"timeMs":124}],"placementCacheHits":1,"placementCacheMisses":15,"placementGeneratedCount":514,"totalTimeMs":185},"intermediate",0,0,0,,,,,0,0
1778499214836-6:{"reqId":"1778499214836-6","type":"progress","progress":{"piece":"T","iterCount",0,0,0,,,,,0,0
1778499214836-6:{"reqId":"1778499214836-6","type":"progress","progress":{"piece":"J","iterCount",0,0,0,,,,,0,0
1778499214836-6:{"reqId":"1778499214836-6","type":"progress","progress":{"depth":3,"expandedNodes":4,"placementsConsidered":16,"nextMapSize":15,"timeMs",0,0,0,,,,,0,0
1778499214836-6:{"reqId":"1778499214836-6","plan":{"action":"hold","slot":1},"score":-15424,"sig":"{\"next\":[\"O\",\"Z\",\"S\",\"T\",\"J\",\"L\"],\"hold\":\"I\",\"current\":{\"type\":\"S\",\"x\":3,\"y\":2,\"rotation\":0}}","profile":{"depthProfile":[{"depth":0,"expandedNodes":1,"placementsConsidered":4,"nextMapSize":3,"timeMs":5},{"depth":1,"expandedNodes":3,"placementsConsidered":12,"nextMapSize":7,"timeMs":42},{"depth":2,"expandedNodes":4,"placementsConsidered":16,"nextMapSize":12,"timeMs":124},{"depth":3,"expandedNodes":4,"placementsConsidered":16,"nextMapSize":15,"timeMs":125}],"placementCacheHits":1,"placementCacheMisses":23,"placementGeneratedCount":786,"totalTimeMs":325},"intermediate",0,0,0,,,,,0,0
1778499214836-6:{"reqId":"1778499214836-6","type":"progress","progress":{"piece":"L","iterCount",0,0,0,,,,,0,0
1778499214836-6:{"reqId":"1778499214836-6","type":"progress","progress":{"depth":4,"expandedNodes":3,"placementsConsidered":12,"nextMapSize":11,"timeMs",0,0,0,,,,,0,0
1778499214836-6:{"reqId":"1778499214836-6","plan":{"action":"hold","slot":1},"score":-18545,"sig":"{\"next\":[\"O\",\"Z\",\"S\",\"T\",\"J\",\"L\"],\"hold\":\"I\",\"current\":{\"type\":\"S\",\"x\":3,\"y\":2,\"rotation\":0}}","profile":{"depthProfile":[{"depth":0,"expandedNodes":1,"placementsConsidered":4,"nextMapSize":3,"timeMs":5},{"depth":1,"expandedNodes":3,"placementsConsidered":12,"nextMapSize":7,"timeMs":42},{"depth":2,"expandedNodes":4,"placementsConsidered":16,"nextMapSize":12,"timeMs":124},{"depth":3,"expandedNodes":4,"placementsConsidered":16,"nextMapSize":15,"timeMs":125},{"depth":4,"expandedNodes":3,"placementsConsidered":12,"nextMapSize":11,"timeMs":94}],"placementCacheHits":1,"placementCacheMisses":29,"placementGeneratedCount":990,"totalTimeMs":433},"intermediate",0,0,0,,,,,0,0
1778499214836-6:{"reqId":"1778499214836-6","plan":{"action":"hold","slot":1},"score":-18545,"sig":"{\"next\":[\"O\",\"Z\",\"S\",\"T\",\"J\",\"L\"],\"hold\":\"I\",\"current\":{\"type\":\"S\",\"x\":3,\"y\":2,\"rotation\":0}}","profile":{"depthProfile":[{"depth":0,"expandedNodes":1,"placementsConsidered":4,"nextMapSize":3,"timeMs":5},{"depth":1,"expandedNodes":3,"placementsConsidered":12,"nextMapSize":7,"timeMs":42},{"depth":2,"expandedNodes":4,"placementsConsidered":16,"nextMapSize":12,"timeMs":124},{"depth":3,"expandedNodes":4,"placementsConsidered":16,"nextMapSize":15,"timeMs":125},{"depth":4,"expandedNodes":3,"placementsConsidered":12,"nextMapSize":11,"timeMs":94}],"placementCacheHits":1,"placementCacheMisses":29,"placementGeneratedCount":990,"totalTimeMs",0,0,0,,,,,0,0
1778499216125-7,24,0,0,,,,456.00,30,870
1778499216125-7:{"reqId":"1778499216125-7","type":"progress","progress":{"started",0,0,0,,,,,0,0
1778499216125-7:{"reqId":"1778499216125-7","type":"progress","progress":{"piece":"S","iterCount",0,0,0,,,,,0,0
1778499216125-7:{"reqId":"1778499216125-7","type":"progress","progress":{"piece":"I","iterCount",0,0,0,,,,,0,0
1778499216125-7:{"reqId":"1778499216125-7","type":"progress","progress":{"depth":0,"expandedNodes":1,"placementsConsidered":4,"nextMapSize":3,"timeMs",0,0,0,,,,,0,0
1778499216125-7:{"reqId":"1778499216125-7","plan":{"action":"hold","slot":1},"score":-4145,"sig":"{\"next\":[\"O\",\"Z\",\"S\",\"T\",\"J\",\"L\"],\"hold\":\"I\",\"current\":{\"type\":\"S\",\"x\":3,\"y\":3,\"rotation\":0}}","profile":{"depthProfile":[{"depth":0,"expandedNodes":1,"placementsConsidered":4,"nextMapSize":3,"timeMs":9}],"placementCacheHits":0,"placementCacheMisses":2,"placementGeneratedCount":68,"totalTimeMs":9},"intermediate",0,0,0,,,,,0,0
1778499216125-7:{"reqId":"1778499216125-7","type":"progress","progress":{"piece":"O","iterCount",0,0,0,,,,,0,0
1778499216125-7:{"reqId":"1778499216125-7","type":"progress","progress":{"piece":"Z","iterCount",0,0,0,,,,,0,0
1778499216125-7:{"reqId":"1778499216125-7","type":"progress","progress":{"depth":1,"expandedNodes":3,"placementsConsidered":12,"nextMapSize":7,"timeMs",0,0,0,,,,,0,0
1778499216125-7:{"reqId":"1778499216125-7","plan":{"action":"hold","slot":1},"score":-7214,"sig":"{\"next\":[\"O\",\"Z\",\"S\",\"T\",\"J\",\"L\"],\"hold\":\"I\",\"current\":{\"type\":\"S\",\"x\":3,\"y\":3,\"rotation\":0}}","profile":{"depthProfile":[{"depth":0,"expandedNodes":1,"placementsConsidered":4,"nextMapSize":3,"timeMs":9},{"depth":1,"expandedNodes":3,"placementsConsidered":12,"nextMapSize":7,"timeMs":40}],"placementCacheHits":1,"placementCacheMisses":7,"placementGeneratedCount":242,"totalTimeMs":50},"intermediate",0,0,0,,,,,0,0
1778499216125-7:{"reqId":"1778499216125-7","type":"progress","progress":{"depth":2,"expandedNodes":4,"placementsConsidered":16,"nextMapSize":12,"timeMs",0,0,0,,,,,0,0
1778499216125-7:{"reqId":"1778499216125-7","plan":{"action":"hold","slot":1},"score":-11327,"sig":"{\"next\":[\"O\",\"Z\",\"S\",\"T\",\"J\",\"L\"],\"hold\":\"I\",\"current\":{\"type\":\"S\",\"x\":3,\"y\":3,\"rotation\":0}}","profile":{"depthProfile":[{"depth":0,"expandedNodes":1,"placementsConsidered":4,"nextMapSize":3,"timeMs":9},{"depth":1,"expandedNodes":3,"placementsConsidered":12,"nextMapSize":7,"timeMs":40},{"depth":2,"expandedNodes":4,"placementsConsidered":16,"nextMapSize":12,"timeMs":125}],"placementCacheHits":1,"placementCacheMisses":15,"placementGeneratedCount":514,"totalTimeMs":190},"intermediate",0,0,0,,,,,0,0
1778499216125-7:{"reqId":"1778499216125-7","type":"progress","progress":{"piece":"T","iterCount",0,0,0,,,,,0,0
1778499216125-7:{"reqId":"1778499216125-7","type":"progress","progress":{"piece":"J","iterCount",0,0,0,,,,,0,0
1778499216125-7:{"reqId":"1778499216125-7","type":"progress","progress":{"depth":3,"expandedNodes":4,"placementsConsidered":16,"nextMapSize":15,"timeMs",0,0,0,,,,,0,0
1778499216125-7:{"reqId":"1778499216125-7","plan":{"action":"hold","slot":1},"score":-15424,"sig":"{\"next\":[\"O\",\"Z\",\"S\",\"T\",\"J\",\"L\"],\"hold\":\"I\",\"current\":{\"type\":\"S\",\"x\":3,\"y\":3,\"rotation\":0}}","profile":{"depthProfile":[{"depth":0,"expandedNodes":1,"placementsConsidered":4,"nextMapSize":3,"timeMs":9},{"depth":1,"expandedNodes":3,"placementsConsidered":12,"nextMapSize":7,"timeMs":40},{"depth":2,"expandedNodes":4,"placementsConsidered":16,"nextMapSize":12,"timeMs":125},{"depth":3,"expandedNodes":4,"placementsConsidered":16,"nextMapSize":15,"timeMs":126}],"placementCacheHits":1,"placementCacheMisses":23,"placementGeneratedCount":786,"totalTimeMs":331},"intermediate",0,0,0,,,,,0,0
1778499216125-7:{"reqId":"1778499216125-7","type":"progress","progress":{"piece":"L","iterCount",0,0,0,,,,,0,0
1778499216125-7:{"reqId":"1778499216125-7","type":"progress","progress":{"depth":4,"expandedNodes":3,"placementsConsidered":12,"nextMapSize":11,"timeMs",0,0,0,,,,,0,0
1778499216125-7:{"reqId":"1778499216125-7","plan":{"action":"hold","slot":1},"score":-18545,"sig":"{\"next\":[\"O\",\"Z\",\"S\",\"T\",\"J\",\"L\"],\"hold\":\"I\",\"current\":{\"type\":\"S\",\"x\":3,\"y\":3,\"rotation\":0}}","profile":{"depthProfile":[{"depth":0,"expandedNodes":1,"placementsConsidered":4,"nextMapSize":3,"timeMs":9},{"depth":1,"expandedNodes":3,"placementsConsidered":12,"nextMapSize":7,"timeMs":40},{"depth":2,"expandedNodes":4,"placementsConsidered":16,"nextMapSize":12,"timeMs":125},{"depth":3,"expandedNodes":4,"placementsConsidered":16,"nextMapSize":15,"timeMs":126},{"depth":4,"expandedNodes":3,"placementsConsidered":12,"nextMapSize":11,"timeMs":95}],"placementCacheHits":1,"placementCacheMisses":29,"placementGeneratedCount":990,"totalTimeMs":441},"intermediate",0,0,0,,,,,0,0
1778499216125-7:{"reqId":"1778499216125-7","plan":{"action":"hold","slot":1},"score":-18545,"sig":"{\"next\":[\"O\",\"Z\",\"S\",\"T\",\"J\",\"L\"],\"hold\":\"I\",\"current\":{\"type\":\"S\",\"x\":3,\"y\":3,\"rotation\":0}}","profile":{"depthProfile":[{"depth":0,"expandedNodes":1,"placementsConsidered":4,"nextMapSize":3,"timeMs":9},{"depth":1,"expandedNodes":3,"placementsConsidered":12,"nextMapSize":7,"timeMs":40},{"depth":2,"expandedNodes":4,"placementsConsidered":16,"nextMapSize":12,"timeMs":125},{"depth":3,"expandedNodes":4,"placementsConsidered":16,"nextMapSize":15,"timeMs":126},{"depth":4,"expandedNodes":3,"placementsConsidered":12,"nextMapSize":11,"timeMs":95}],"placementCacheHits":1,"placementCacheMisses":29,"placementGeneratedCount":990,"totalTimeMs",0,0,0,,,,,0,0
1778499217431-8,24,0,0,,,,454.00,30,870
1778499217431-8:{"reqId":"1778499217431-8","type":"progress","progress":{"started",0,0,0,,,,,0,0
1778499217431-8:{"reqId":"1778499217431-8","type":"progress","progress":{"piece":"S","iterCount",0,0,0,,,,,0,0
1778499217431-8:{"reqId":"1778499217431-8","type":"progress","progress":{"piece":"I","iterCount",0,0,0,,,,,0,0
1778499217431-8:{"reqId":"1778499217431-8","type":"progress","progress":{"depth":0,"expandedNodes":1,"placementsConsidered":4,"nextMapSize":3,"timeMs",0,0,0,,,,,0,0
1778499217431-8:{"reqId":"1778499217431-8","plan":{"action":"hold","slot":1},"score":-4145,"sig":"{\"next\":[\"O\",\"Z\",\"S\",\"T\",\"J\",\"L\"],\"hold\":\"I\",\"current\":{\"type\":\"S\",\"x\":3,\"y\":4,\"rotation\":0}}","profile":{"depthProfile":[{"depth":0,"expandedNodes":1,"placementsConsidered":4,"nextMapSize":3,"timeMs":8}],"placementCacheHits":0,"placementCacheMisses":2,"placementGeneratedCount":68,"totalTimeMs":9},"intermediate",0,0,0,,,,,0,0
1778499217431-8:{"reqId":"1778499217431-8","type":"progress","progress":{"piece":"O","iterCount",0,0,0,,,,,0,0
1778499217431-8:{"reqId":"1778499217431-8","type":"progress","progress":{"piece":"Z","iterCount",0,0,0,,,,,0,0
1778499217431-8:{"reqId":"1778499217431-8","type":"progress","progress":{"depth":1,"expandedNodes":3,"placementsConsidered":12,"nextMapSize":7,"timeMs",0,0,0,,,,,0,0
1778499217431-8:{"reqId":"1778499217431-8","plan":{"action":"hold","slot":1},"score":-7214,"sig":"{\"next\":[\"O\",\"Z\",\"S\",\"T\",\"J\",\"L\"],\"hold\":\"I\",\"current\":{\"type\":\"S\",\"x\":3,\"y\":4,\"rotation\":0}}","profile":{"depthProfile":[{"depth":0,"expandedNodes":1,"placementsConsidered":4,"nextMapSize":3,"timeMs":8},{"depth":1,"expandedNodes":3,"placementsConsidered":12,"nextMapSize":7,"timeMs":41}],"placementCacheHits":1,"placementCacheMisses":7,"placementGeneratedCount":242,"totalTimeMs":50},"intermediate",0,0,0,,,,,0,0
1778499217431-8:{"reqId":"1778499217431-8","type":"progress","progress":{"depth":2,"expandedNodes":4,"placementsConsidered":16,"nextMapSize":12,"timeMs",0,0,0,,,,,0,0
1778499217431-8:{"reqId":"1778499217431-8","plan":{"action":"hold","slot":1},"score":-11327,"sig":"{\"next\":[\"O\",\"Z\",\"S\",\"T\",\"J\",\"L\"],\"hold\":\"I\",\"current\":{\"type\":\"S\",\"x\":3,\"y\":4,\"rotation\":0}}","profile":{"depthProfile":[{"depth":0,"expandedNodes":1,"placementsConsidered":4,"nextMapSize":3,"timeMs":8},{"depth":1,"expandedNodes":3,"placementsConsidered":12,"nextMapSize":7,"timeMs":41},{"depth":2,"expandedNodes":4,"placementsConsidered":16,"nextMapSize":12,"timeMs":126}],"placementCacheHits":1,"placementCacheMisses":15,"placementGeneratedCount":514,"totalTimeMs":191},"intermediate",0,0,0,,,,,0,0
1778499217431-8:{"reqId":"1778499217431-8","type":"progress","progress":{"piece":"T","iterCount",0,0,0,,,,,0,0
1778499217431-8:{"reqId":"1778499217431-8","type":"progress","progress":{"piece":"J","iterCount",0,0,0,,,,,0,0
1778499217431-8:{"reqId":"1778499217431-8","type":"progress","progress":{"depth":3,"expandedNodes":4,"placementsConsidered":16,"nextMapSize":15,"timeMs",0,0,0,,,,,0,0
1778499217431-8:{"reqId":"1778499217431-8","plan":{"action":"hold","slot":1},"score":-15424,"sig":"{\"next\":[\"O\",\"Z\",\"S\",\"T\",\"J\",\"L\"],\"hold\":\"I\",\"current\":{\"type\":\"S\",\"x\":3,\"y\":4,\"rotation\":0}}","profile":{"depthProfile":[{"depth":0,"expandedNodes":1,"placementsConsidered":4,"nextMapSize":3,"timeMs":8},{"depth":1,"expandedNodes":3,"placementsConsidered":12,"nextMapSize":7,"timeMs":41},{"depth":2,"expandedNodes":4,"placementsConsidered":16,"nextMapSize":12,"timeMs":126},{"depth":3,"expandedNodes":4,"placementsConsidered":16,"nextMapSize":15,"timeMs":123}],"placementCacheHits":1,"placementCacheMisses":23,"placementGeneratedCount":786,"totalTimeMs":330},"intermediate",0,0,0,,,,,0,0
1778499217431-8:{"reqId":"1778499217431-8","type":"progress","progress":{"piece":"L","iterCount",0,0,0,,,,,0,0
1778499217431-8:{"reqId":"1778499217431-8","type":"progress","progress":{"depth":4,"expandedNodes":3,"placementsConsidered":12,"nextMapSize":11,"timeMs",0,0,0,,,,,0,0
1778499217431-8:{"reqId":"1778499217431-8","plan":{"action":"hold","slot":1},"score":-18545,"sig":"{\"next\":[\"O\",\"Z\",\"S\",\"T\",\"J\",\"L\"],\"hold\":\"I\",\"current\":{\"type\":\"S\",\"x\":3,\"y\":4,\"rotation\":0}}","profile":{"depthProfile":[{"depth":0,"expandedNodes":1,"placementsConsidered":4,"nextMapSize":3,"timeMs":8},{"depth":1,"expandedNodes":3,"placementsConsidered":12,"nextMapSize":7,"timeMs":41},{"depth":2,"expandedNodes":4,"placementsConsidered":16,"nextMapSize":12,"timeMs":126},{"depth":3,"expandedNodes":4,"placementsConsidered":16,"nextMapSize":15,"timeMs":123},{"depth":4,"expandedNodes":3,"placementsConsidered":12,"nextMapSize":11,"timeMs":94}],"placementCacheHits":1,"placementCacheMisses":29,"placementGeneratedCount":990,"totalTimeMs":438},"intermediate",0,0,0,,,,,0,0
1778499217431-8:{"reqId":"1778499217431-8","plan":{"action":"hold","slot":1},"score":-18545,"sig":"{\"next\":[\"O\",\"Z\",\"S\",\"T\",\"J\",\"L\"],\"hold\":\"I\",\"current\":{\"type\":\"S\",\"x\":3,\"y\":4,\"rotation\":0}}","profile":{"depthProfile":[{"depth":0,"expandedNodes":1,"placementsConsidered":4,"nextMapSize":3,"timeMs":8},{"depth":1,"expandedNodes":3,"placementsConsidered":12,"nextMapSize":7,"timeMs":41},{"depth":2,"expandedNodes":4,"placementsConsidered":16,"nextMapSize":12,"timeMs":126},{"depth":3,"expandedNodes":4,"placementsConsidered":16,"nextMapSize":15,"timeMs":123},{"depth":4,"expandedNodes":3,"placementsConsidered":12,"nextMapSize":11,"timeMs":94}],"placementCacheHits":1,"placementCacheMisses":29,"placementGeneratedCount":990,"totalTimeMs",0,0,0,,,,,0,0
1778499218733-9,22,0,0,,,,443.00,26,754
1778499218733-9:{"reqId":"1778499218733-9","type":"progress","progress":{"started",0,0,0,,,,,0,0
1778499218733-9:{"reqId":"1778499218733-9","type":"progress","progress":{"piece":"S","iterCount",0,0,0,,,,,0,0
1778499218733-9:{"reqId":"1778499218733-9","type":"progress","progress":{"piece":"I","iterCount",0,0,0,,,,,0,0
1778499218733-9:{"reqId":"1778499218733-9","type":"progress","progress":{"depth":0,"expandedNodes":1,"placementsConsidered":4,"nextMapSize":3,"timeMs",0,0,0,,,,,0,0
1778499218733-9:{"reqId":"1778499218733-9","plan":{"action":"hold","slot":1},"score":-4145,"sig":"{\"next\":[\"O\",\"Z\",\"S\",\"T\",\"J\",\"L\"],\"hold\":\"I\",\"current\":{\"type\":\"S\",\"x\":3,\"y\":5,\"rotation\":0}}","profile":{"depthProfile":[{"depth":0,"expandedNodes":1,"placementsConsidered":4,"nextMapSize":3,"timeMs":6}],"placementCacheHits":0,"placementCacheMisses":2,"placementGeneratedCount":68,"totalTimeMs":7},"intermediate",0,0,0,,,,,0,0
1778499218733-9:{"reqId":"1778499218733-9","type":"progress","progress":{"piece":"O","iterCount",0,0,0,,,,,0,0
1778499218733-9:{"reqId":"1778499218733-9","type":"progress","progress":{"piece":"Z","iterCount",0,0,0,,,,,0,0
1778499218733-9:{"reqId":"1778499218733-9","type":"progress","progress":{"depth":1,"expandedNodes":3,"placementsConsidered":12,"nextMapSize":7,"timeMs",0,0,0,,,,,0,0
1778499218733-9:{"reqId":"1778499218733-9","plan":{"action":"hold","slot":1},"score":-7214,"sig":"{\"next\":[\"O\",\"Z\",\"S\",\"T\",\"J\",\"L\"],\"hold\":\"I\",\"current\":{\"type\":\"S\",\"x\":3,\"y\":5,\"rotation\":0}}","profile":{"depthProfile":[{"depth":0,"expandedNodes":1,"placementsConsidered":4,"nextMapSize":3,"timeMs":6},{"depth":1,"expandedNodes":3,"placementsConsidered":12,"nextMapSize":7,"timeMs":29}],"placementCacheHits":1,"placementCacheMisses":7,"placementGeneratedCount":242,"totalTimeMs":36},"intermediate",0,0,0,,,,,0,0
1778499218733-9:{"reqId":"1778499218733-9","type":"progress","progress":{"depth":2,"expandedNodes":4,"placementsConsidered":16,"nextMapSize":12,"timeMs",0,0,0,,,,,0,0
1778499218733-9:{"reqId":"1778499218733-9","plan":{"action":"hold","slot":1},"score":-11327,"sig":"{\"next\":[\"O\",\"Z\",\"S\",\"T\",\"J\",\"L\"],\"hold\":\"I\",\"current\":{\"type\":\"S\",\"x\":3,\"y\":5,\"rotation\":0}}","profile":{"depthProfile":[{"depth":0,"expandedNodes":1,"placementsConsidered":4,"nextMapSize":3,"timeMs":6},{"depth":1,"expandedNodes":3,"placementsConsidered":12,"nextMapSize":7,"timeMs":29},{"depth":2,"expandedNodes":4,"placementsConsidered":16,"nextMapSize":12,"timeMs":125}],"placementCacheHits":1,"placementCacheMisses":15,"placementGeneratedCount":514,"totalTimeMs":177},"intermediate",0,0,0,,,,,0,0
1778499218733-9:{"reqId":"1778499218733-9","type":"progress","progress":{"piece":"T","iterCount",0,0,0,,,,,0,0
1778499218733-9:{"reqId":"1778499218733-9","type":"progress","progress":{"piece":"J","iterCount",0,0,0,,,,,0,0
1778499218733-9:{"reqId":"1778499218733-9","type":"progress","progress":{"depth":3,"expandedNodes":4,"placementsConsidered":16,"nextMapSize":15,"timeMs",0,0,0,,,,,0,0
1778499218733-9:{"reqId":"1778499218733-9","plan":{"action":"hold","slot":1},"score":-15424,"sig":"{\"next\":[\"O\",\"Z\",\"S\",\"T\",\"J\",\"L\"],\"hold\":\"I\",\"current\":{\"type\":\"S\",\"x\":3,\"y\":5,\"rotation\":0}}","profile":{"depthProfile":[{"depth":0,"expandedNodes":1,"placementsConsidered":4,"nextMapSize":3,"timeMs":6},{"depth":1,"expandedNodes":3,"placementsConsidered":12,"nextMapSize":7,"timeMs":29},{"depth":2,"expandedNodes":4,"placementsConsidered":16,"nextMapSize":12,"timeMs":125},{"depth":3,"expandedNodes":4,"placementsConsidered":16,"nextMapSize":15,"timeMs":128}],"placementCacheHits":1,"placementCacheMisses":23,"placementGeneratedCount":786,"totalTimeMs":320},"intermediate",0,0,0,,,,,0,0
1778499218733-9:{"reqId":"1778499218733-9","type":"progress","progress":{"piece":"L","iterCount",0,0,0,,,,,0,0
1778499218733-9:{"reqId":"1778499218733-9","type":"progress","progress":{"depth":4,"expandedNodes":3,"placementsConsidered":12,"nextMapSize":11,"timeMs",0,0,0,,,,,0,0
1778499218733-9:{"reqId":"1778499218733-9","plan":{"action":"hold","slot":1},"score":-18545,"sig":"{\"next\":[\"O\",\"Z\",\"S\",\"T\",\"J\",\"L\"],\"hold\":\"I\",\"current\":{\"type\":\"S\",\"x\":3,\"y\":5,\"rotation\":0}}","profile":{"depthProfile":[{"depth":0,"expandedNodes":1,"placementsConsidered":4,"nextMapSize":3,"timeMs":6},{"depth":1,"expandedNodes":3,"placementsConsidered":12,"nextMapSize":7,"timeMs":29},{"depth":2,"expandedNodes":4,"placementsConsidered":16,"nextMapSize":12,"timeMs":125},{"depth":3,"expandedNodes":4,"placementsConsidered":16,"nextMapSize":15,"timeMs":128},{"depth":4,"expandedNodes":3,"placementsConsidered":12,"nextMapSize":11,"timeMs":95}],"placementCacheHits":1,"placementCacheMisses":29,"placementGeneratedCount":990,"totalTimeMs":429},"intermediate",0,0,0,,,,,0,0
1778499218733-9:{"reqId":"1778499218733-9","plan":{"action":"hold","slot":1},"score":-18545,"sig":"{\"next\":[\"O\",\"Z\",\"S\",\"T\",\"J\",\"L\"],\"hold\":\"I\",\"current\":{\"type\":\"S\",\"x\":3,\"y\":5,\"rotation\":0}}","profile":{"depthProfile":[{"depth":0,"expandedNodes":1,"placementsConsidered":4,"nextMapSize":3,"timeMs":6},{"depth":1,"expandedNodes":3,"placementsConsidered":12,"nextMapSize":7,"timeMs":29},{"depth":2,"expandedNodes":4,"placementsConsidered":16,"nextMapSize":12,"timeMs":125},{"depth":3,"expandedNodes":4,"placementsConsidered":16,"nextMapSize":15,"timeMs":128},{"depth":4,"expandedNodes":3,"placementsConsidered":12,"nextMapSize":11,"timeMs":95}],"placementCacheHits":1,"placementCacheMisses":29,"placementGeneratedCount":990,"totalTimeMs",0,0,0,,,,,0,0
1778499220020-10,20,0,0,,,,455.00,16,464
1778499220020-10:{"reqId":"1778499220020-10","type":"progress","progress":{"started",0,0,0,,,,,0,0
1778499220020-10:{"reqId":"1778499220020-10","type":"progress","progress":{"piece":"S","iterCount",0,0,0,,,,,0,0
1778499220020-10:{"reqId":"1778499220020-10","type":"progress","progress":{"piece":"I","iterCount",0,0,0,,,,,0,0
1778499220020-10:{"reqId":"1778499220020-10","type":"progress","progress":{"depth":0,"expandedNodes":1,"placementsConsidered":4,"nextMapSize":3,"timeMs",0,0,0,,,,,0,0
1778499220020-10:{"reqId":"1778499220020-10","plan":{"action":"hold","slot":1},"score":-4145,"sig":"{\"next\":[\"O\",\"Z\",\"S\",\"T\",\"J\",\"L\"],\"hold\":\"I\",\"current\":{\"type\":\"S\",\"x\":3,\"y\":7,\"rotation\":0}}","profile":{"depthProfile":[{"depth":0,"expandedNodes":1,"placementsConsidered":4,"nextMapSize":3,"timeMs":6}],"placementCacheHits":0,"placementCacheMisses":2,"placementGeneratedCount":68,"totalTimeMs":6},"intermediate",0,0,0,,,,,0,0
1778499220020-10:{"reqId":"1778499220020-10","type":"progress","progress":{"piece":"O","iterCount",0,0,0,,,,,0,0
1778499220020-10:{"reqId":"1778499220020-10","type":"progress","progress":{"piece":"Z","iterCount",0,0,0,,,,,0,0
1778499220020-10:{"reqId":"1778499220020-10","type":"progress","progress":{"depth":1,"expandedNodes":3,"placementsConsidered":12,"nextMapSize":7,"timeMs",0,0,0,,,,,0,0
1778499220020-10:{"reqId":"1778499220020-10","plan":{"action":"hold","slot":1},"score":-7214,"sig":"{\"next\":[\"O\",\"Z\",\"S\",\"T\",\"J\",\"L\"],\"hold\":\"I\",\"current\":{\"type\":\"S\",\"x\":3,\"y\":7,\"rotation\":0}}","profile":{"depthProfile":[{"depth":0,"expandedNodes":1,"placementsConsidered":4,"nextMapSize":3,"timeMs":6},{"depth":1,"expandedNodes":3,"placementsConsidered":12,"nextMapSize":7,"timeMs":43}],"placementCacheHits":1,"placementCacheMisses":7,"placementGeneratedCount":242,"totalTimeMs":49},"intermediate",0,0,0,,,,,0,0
1778499220020-10:{"reqId":"1778499220020-10","type":"progress","progress":{"depth":2,"expandedNodes":4,"placementsConsidered":16,"nextMapSize":12,"timeMs",0,0,0,,,,,0,0
1778499220020-10:{"reqId":"1778499220020-10","plan":{"action":"hold","slot":1},"score":-11327,"sig":"{\"next\":[\"O\",\"Z\",\"S\",\"T\",\"J\",\"L\"],\"hold\":\"I\",\"current\":{\"type\":\"S\",\"x\":3,\"y\":7,\"rotation\":0}}","profile":{"depthProfile":[{"depth":0,"expandedNodes":1,"placementsConsidered":4,"nextMapSize":3,"timeMs":6},{"depth":1,"expandedNodes":3,"placementsConsidered":12,"nextMapSize":7,"timeMs":43},{"depth":2,"expandedNodes":4,"placementsConsidered":16,"nextMapSize":12,"timeMs":125}],"placementCacheHits":1,"placementCacheMisses":15,"placementGeneratedCount":514,"totalTimeMs":189},"intermediate",0,0,0,,,,,0,0
1778499220020-10:{"reqId":"1778499220020-10","type":"progress","progress":{"piece":"T","iterCount",0,0,0,,,,,0,0
1778499220020-10:{"reqId":"1778499220020-10","type":"progress","progress":{"piece":"J","iterCount",0,0,0,,,,,0,0
1778499220020-10:{"reqId":"1778499220020-10","type":"progress","progress":{"depth":3,"expandedNodes":4,"placementsConsidered":16,"nextMapSize":15,"timeMs",0,0,0,,,,,0,0
1778499220020-10:{"reqId":"1778499220020-10","plan":{"action":"hold","slot":1},"score":-15424,"sig":"{\"next\":[\"O\",\"Z\",\"S\",\"T\",\"J\",\"L\"],\"hold\":\"I\",\"current\":{\"type\":\"S\",\"x\":3,\"y\":7,\"rotation\":0}}","profile":{"depthProfile":[{"depth":0,"expandedNodes":1,"placementsConsidered":4,"nextMapSize":3,"timeMs":6},{"depth":1,"expandedNodes":3,"placementsConsidered":12,"nextMapSize":7,"timeMs":43},{"depth":2,"expandedNodes":4,"placementsConsidered":16,"nextMapSize":12,"timeMs":125},{"depth":3,"expandedNodes":4,"placementsConsidered":16,"nextMapSize":15,"timeMs":127}],"placementCacheHits":1,"placementCacheMisses":23,"placementGeneratedCount":786,"totalTimeMs":331},"intermediate",0,0,0,,,,,0,0
1778499220020-10:{"reqId":"1778499220020-10","type":"progress","progress":{"piece":"L","iterCount",0,0,0,,,,,0,0
1778499220020-10:{"reqId":"1778499220020-10","type":"progress","progress":{"depth":4,"expandedNodes":3,"placementsConsidered":12,"nextMapSize":11,"timeMs",0,0,0,,,,,0,0
1778499220020-10:{"reqId":"1778499220020-10","plan":{"action":"hold","slot":1},"score":-18545,"sig":"{\"next\":[\"O\",\"Z\",\"S\",\"T\",\"J\",\"L\"],\"hold\":\"I\",\"current\":{\"type\":\"S\",\"x\":3,\"y\":7,\"rotation\":0}}","profile":{"depthProfile":[{"depth":0,"expandedNodes":1,"placementsConsidered":4,"nextMapSize":3,"timeMs":6},{"depth":1,"expandedNodes":3,"placementsConsidered":12,"nextMapSize":7,"timeMs":43},{"depth":2,"expandedNodes":4,"placementsConsidered":16,"nextMapSize":12,"timeMs":125},{"depth":3,"expandedNodes":4,"placementsConsidered":16,"nextMapSize":15,"timeMs":127},{"depth":4,"expandedNodes":3,"placementsConsidered":12,"nextMapSize":11,"timeMs":95}],"placementCacheHits":1,"placementCacheMisses":29,"placementGeneratedCount":990,"totalTimeMs":441},"intermediate",0,0,0,,,,,0,0
1778499220020-10:{"reqId":"1778499220020-10","plan":{"action":"hold","slot":1},"score":-18545,"sig":"{\"next\":[\"O\",\"Z\",\"S\",\"T\",\"J\",\"L\"],\"hold\":\"I\",\"current\":{\"type\":\"S\",\"x\":3,\"y\":7,\"rotation\":0}}","profile":{"depthProfile":[{"depth":0,"expandedNodes":1,"placementsConsidered":4,"nextMapSize":3,"timeMs":6},{"depth":1,"expandedNodes":3,"placementsConsidered":12,"nextMapSize":7,"timeMs":43},{"depth":2,"expandedNodes":4,"placementsConsidered":16,"nextMapSize":12,"timeMs":125},{"depth":3,"expandedNodes":4,"placementsConsidered":16,"nextMapSize":15,"timeMs":127},{"depth":4,"expandedNodes":3,"placementsConsidered":12,"nextMapSize":11,"timeMs":95}],"placementCacheHits":1,"placementCacheMisses":29,"placementGeneratedCount":990,"totalTimeMs",0,0,0,,,,,0,0
1778499221317-11,10,0,0,,,,448.00,6,174
1778499221317-11:{"reqId":"1778499221317-11","type":"progress","progress":{"started",0,0,0,,,,,0,0
1778499221317-11:{"reqId":"1778499221317-11","type":"progress","progress":{"piece":"S","iterCount",0,0,0,,,,,0,0
1778499221317-11:{"reqId":"1778499221317-11","type":"progress","progress":{"piece":"I","iterCount",0,0,0,,,,,0,0
1778499221317-11:{"reqId":"1778499221317-11","type":"progress","progress":{"depth":0,"expandedNodes":1,"placementsConsidered":4,"nextMapSize":3,"timeMs",0,0,0,,,,,0,0
1778499221317-11:{"reqId":"1778499221317-11","plan":{"action":"hold","slot":1},"score":-4145,"sig":"{\"next\":[\"O\",\"Z\",\"S\",\"T\",\"J\",\"L\"],\"hold\":\"I\",\"current\":{\"type\":\"S\",\"x\":3,\"y\":8,\"rotation\":0}}","profile":{"depthProfile":[{"depth":0,"expandedNodes":1,"placementsConsidered":4,"nextMapSize":3,"timeMs":7}],"placementCacheHits":0,"placementCacheMisses":2,"placementGeneratedCount":68,"totalTimeMs":8},"intermediate",0,0,0,,,,,0,0
1778499221317-11:{"reqId":"1778499221317-11","type":"progress","progress":{"piece":"O","iterCount",0,0,0,,,,,0,0
1778499221317-11:{"reqId":"1778499221317-11","type":"progress","progress":{"piece":"Z","iterCount",0,0,0,,,,,0,0
1778499221317-11:{"reqId":"1778499221317-11","type":"progress","progress":{"depth":1,"expandedNodes":3,"placementsConsidered":12,"nextMapSize":7,"timeMs",0,0,0,,,,,0,0
1778499221317-11:{"reqId":"1778499221317-11","plan":{"action":"hold","slot":1},"score":-7214,"sig":"{\"next\":[\"O\",\"Z\",\"S\",\"T\",\"J\",\"L\"],\"hold\":\"I\",\"current\":{\"type\":\"S\",\"x\":3,\"y\":8,\"rotation\":0}}","profile":{"depthProfile":[{"depth":0,"expandedNodes":1,"placementsConsidered":4,"nextMapSize":3,"timeMs":7},{"depth":1,"expandedNodes":3,"placementsConsidered":12,"nextMapSize":7,"timeMs":38}],"placementCacheHits":1,"placementCacheMisses":7,"placementGeneratedCount":242,"totalTimeMs":46},"intermediate",0,0,0,,,,,0,0
1778499221317-11:{"reqId":"1778499221317-11","type":"progress","progress":{"depth":2,"expandedNodes":4,"placementsConsidered":16,"nextMapSize":12,"timeMs",0,0,0,,,,,0,0
1778499221317-11:{"reqId":"1778499221317-11","plan":{"action":"hold","slot":1},"score":-11327,"sig":"{\"next\":[\"O\",\"Z\",\"S\",\"T\",\"J\",\"L\"],\"hold\":\"I\",\"current\":{\"type\":\"S\",\"x\":3,\"y\":8,\"rotation\":0}}","profile":{"depthProfile":[{"depth":0,"expandedNodes":1,"placementsConsidered":4,"nextMapSize":3,"timeMs":7},{"depth":1,"expandedNodes":3,"placementsConsidered":12,"nextMapSize":7,"timeMs":38},{"depth":2,"expandedNodes":4,"placementsConsidered":16,"nextMapSize":12,"timeMs":125}],"placementCacheHits":1,"placementCacheMisses":15,"placementGeneratedCount":514,"totalTimeMs":186},"intermediate",0,0,0,,,,,0,0
1778499221317-11:{"reqId":"1778499221317-11","type":"progress","progress":{"piece":"T","iterCount",0,0,0,,,,,0,0
1778499221317-11:{"reqId":"1778499221317-11","type":"progress","progress":{"piece":"J","iterCount",0,0,0,,,,,0,0
1778499221317-11:{"reqId":"1778499221317-11","type":"progress","progress":{"depth":3,"expandedNodes":4,"placementsConsidered":16,"nextMapSize":15,"timeMs",0,0,0,,,,,0,0
1778499221317-11:{"reqId":"1778499221317-11","plan":{"action":"hold","slot":1},"score":-15424,"sig":"{\"next\":[\"O\",\"Z\",\"S\",\"T\",\"J\",\"L\"],\"hold\":\"I\",\"current\":{\"type\":\"S\",\"x\":3,\"y\":8,\"rotation\":0}}","profile":{"depthProfile":[{"depth":0,"expandedNodes":1,"placementsConsidered":4,"nextMapSize":3,"timeMs":7},{"depth":1,"expandedNodes":3,"placementsConsidered":12,"nextMapSize":7,"timeMs":38},{"depth":2,"expandedNodes":4,"placementsConsidered":16,"nextMapSize":12,"timeMs":125},{"depth":3,"expandedNodes":4,"placementsConsidered":16,"nextMapSize":15,"timeMs":126}],"placementCacheHits":1,"placementCacheMisses":23,"placementGeneratedCount":786,"totalTimeMs":328},"intermediate",0,0,0,,,,,0,0
1778499221317-11:{"reqId":"1778499221317-11","type":"progress","progress":{"piece":"L","iterCount",0,0,0,,,,,0,0
1778499221317-11:{"reqId":"1778499221317-11","type":"progress","progress":{"depth":4,"expandedNodes":3,"placementsConsidered":12,"nextMapSize":11,"timeMs",0,0,0,,,,,0,0
1778499221317-11:{"reqId":"1778499221317-11","plan":{"action":"hold","slot":1},"score":-18545,"sig":"{\"next\":[\"O\",\"Z\",\"S\",\"T\",\"J\",\"L\"],\"hold\":\"I\",\"current\":{\"type\":\"S\",\"x\":3,\"y\":8,\"rotation\":0}}","profile":{"depthProfile":[{"depth":0,"expandedNodes":1,"placementsConsidered":4,"nextMapSize":3,"timeMs":7},{"depth":1,"expandedNodes":3,"placementsConsidered":12,"nextMapSize":7,"timeMs":38},{"depth":2,"expandedNodes":4,"placementsConsidered":16,"nextMapSize":12,"timeMs":125},{"depth":3,"expandedNodes":4,"placementsConsidered":16,"nextMapSize":15,"timeMs":126},{"depth":4,"expandedNodes":3,"placementsConsidered":12,"nextMapSize":11,"timeMs":94}],"placementCacheHits":1,"placementCacheMisses":29,"placementGeneratedCount":990,"totalTimeMs":434},"intermediate",0,0,0,,,,,0,0
1778499221317-11:{"reqId":"1778499221317-11","plan":{"action":"hold","slot":1},"score":-18545,"sig":"{\"next\":[\"O\",\"Z\",\"S\",\"T\",\"J\",\"L\"],\"hold\":\"I\",\"current\":{\"type\":\"S\",\"x\":3,\"y\":8,\"rotation\":0}}","profile":{"depthProfile":[{"depth":0,"expandedNodes":1,"placementsConsidered":4,"nextMapSize":3,"timeMs":7},{"depth":1,"expandedNodes":3,"placementsConsidered":12,"nextMapSize":7,"timeMs":38},{"depth":2,"expandedNodes":4,"placementsConsidered":16,"nextMapSize":12,"timeMs":125},{"depth":3,"expandedNodes":4,"placementsConsidered":16,"nextMapSize":15,"timeMs":126},{"depth":4,"expandedNodes":3,"placementsConsidered":12,"nextMapSize":11,"timeMs":94}],"placementCacheHits":1,"placementCacheMisses":29,"placementGeneratedCount":990,"totalTimeMs",0,0,0,,,,,0,0
1778582669748-1,58,58,58,,,,,0,0
1778582670735-2,54,54,54,,,,,0,0
1778582671679-3,51,50,50,,,,,0,0
1778582672631-4,47,46,46,,,,,0,0
1778582673580-5,43,43,43,,,,,0,0
1778582674531-6,39,39,39,,,,,0,0
1778582675473-7,35,35,35,,,,,0,0
1778582676411-8,32,31,31,,,,,0,0
1778582677347-9,28,27,27,,,,,0,0
1778582678283-10,24,24,24,,,,,0,0
1778582679230-11,20,20,20,,,,,0,0
1778582680198-12,17,16,16,,,,,0,0
1778582681165-13,13,12,12,,,,,0,0
1778582682118-14,9,8,8,,,,,0,0
1778582683078-15,5,5,5,,,,,0,0
1778582696412-1,58,58,58,,,,,0,0
1778582697378-2,54,54,54,,,,,0,0
1778582698328-3,51,50,50,,,,,0,0
1778582699261-4,47,46,46,,,,,0,0
1778582700187-5,43,43,43,,,,,0,0
1778582701114-6,39,39,39,,,,,0,0
1778582702058-7,36,35,35,,,,,0,0
1778582702994-8,32,32,32,,,,,0,0
1778582703927-9,28,28,28,,,,,0,0
1778582704859-10,25,24,24,,,,,0,0
1778582705801-11,21,20,20,,,,,0,0
1778582706740-12,17,17,17,,,,,0,0
1778582707673-13,13,13,13,,,,,0,0
1778582708635-14,9,9,9,,,,,0,0
1778582709593-15,6,5,5,,,,,0,0
1778582710560-16,2,0,0,,,,,0,0
1778498957608-1,8,0,0,,,,476.00,0,384
1778498957608-1:{"reqId":"1778498957608-1","type":"progress","progress":{"started",0,0,0,,,,,0,0
1778498957608-1:{"reqId":"1778498957608-1","type":"progress","progress":{"piece":"S","iterCount",0,0,0,,,,,0,0
1778498957608-1:{"reqId":"1778498957608-1","type":"progress","progress":{"piece":"I","iterCount",0,0,0,,,,,0,0
1778498957608-1:{"reqId":"1778498957608-1","type":"progress","progress":{"depth":0,"expandedNodes":1,"placementsConsidered":4,"nextMapSize":3,"timeMs",0,0,0,,,,,0,0
1778498957608-1:{"reqId":"1778498957608-1","plan":{"action":"hold","slot":1},"score":-49,"sig":"{\"next\":[\"I\",\"T\",\"J\",\"L\",\"Z\",\"O\"],\"hold\":null,\"current\":{\"type\":\"S\",\"x\":3,\"y\":0,\"rotation\":0}}","profile":{"depthProfile":[{"depth":0,"expandedNodes":1,"placementsConsidered":4,"nextMapSize":3,"timeMs":7}],"placementCacheHits":0,"placementCacheMisses":2,"placementGeneratedCount":8,"totalTimeMs":8},"intermediate",0,0,0,,,,,0,0
1778498957608-1:{"reqId":"1778498957608-1","type":"progress","progress":{"piece":"T","iterCount",0,0,0,,,,,0,0
1778498957608-1:{"reqId":"1778498957608-1","type":"progress","progress":{"piece":"J","iterCount",0,0,0,,,,,0,0
1778498957608-1:{"reqId":"1778498957608-1","type":"progress","progress":{"depth":1,"expandedNodes":3,"placementsConsidered":12,"nextMapSize":11,"timeMs",0,0,0,,,,,0,0
1778498957608-1:{"reqId":"1778498957608-1","plan":{"action":"hold","slot":1},"score":-112,"sig":"{\"next\":[\"I\",\"T\",\"J\",\"L\",\"Z\",\"O\"],\"hold\":null,\"current\":{\"type\":\"S\",\"x\":3,\"y\":0,\"rotation\":0}}","profile":{"depthProfile":[{"depth":0,"expandedNodes":1,"placementsConsidered":4,"nextMapSize":3,"timeMs":7},{"depth":1,"expandedNodes":3,"placementsConsidered":12,"nextMapSize":11,"timeMs":37}],"placementCacheHits":0,"placementCacheMisses":8,"placementGeneratedCount":32,"totalTimeMs":46},"intermediate",0,0,0,,,,,0,0
1778498957608-1:{"reqId":"1778498957608-1","type":"progress","progress":{"piece":"L","iterCount",0,0,0,,,,,0,0
1778498957608-1:{"reqId":"1778498957608-1","type":"progress","progress":{"depth":2,"expandedNodes":4,"placementsConsidered":16,"nextMapSize":16,"timeMs",0,0,0,,,,,0,0
1778498957608-1:{"reqId":"1778498957608-1","plan":{"action":"hold","slot":1},"score":866,"sig":"{\"next\":[\"I\",\"T\",\"J\",\"L\",\"Z\",\"O\"],\"hold\":null,\"current\":{\"type\":\"S\",\"x\":3,\"y\":0,\"rotation\":0}}","profile":{"depthProfile":[{"depth":0,"expandedNodes":1,"placementsConsidered":4,"nextMapSize":3,"timeMs":7},{"depth":1,"expandedNodes":3,"placementsConsidered":12,"nextMapSize":11,"timeMs":37},{"depth":2,"expandedNodes":4,"placementsConsidered":16,"nextMapSize":16,"timeMs":129}],"placementCacheHits":0,"placementCacheMisses":16,"placementGeneratedCount":64,"totalTimeMs":201},"intermediate",0,0,0,,,,,0,0
1778498957608-1:{"reqId":"1778498957608-1","type":"progress","progress":{"piece":"Z","iterCount",0,0,0,,,,,0,0
1778498957608-1:{"reqId":"1778498957608-1","type":"progress","progress":{"depth":3,"expandedNodes":4,"placementsConsidered":16,"nextMapSize":13,"timeMs",0,0,0,,,,,0,0
1778498957608-1:{"reqId":"1778498957608-1","plan":{"action":"hold","slot":1},"score":810,"sig":"{\"next\":[\"I\",\"T\",\"J\",\"L\",\"Z\",\"O\"],\"hold\":null,\"current\":{\"type\":\"S\",\"x\":3,\"y\":0,\"rotation\":0}}","profile":{"depthProfile":[{"depth":0,"expandedNodes":1,"placementsConsidered":4,"nextMapSize":3,"timeMs":7},{"depth":1,"expandedNodes":3,"placementsConsidered":12,"nextMapSize":11,"timeMs":37},{"depth":2,"expandedNodes":4,"placementsConsidered":16,"nextMapSize":16,"timeMs":129},{"depth":3,"expandedNodes":4,"placementsConsidered":16,"nextMapSize":13,"timeMs":116}],"placementCacheHits":0,"placementCacheMisses":24,"placementGeneratedCount":96,"totalTimeMs":322},"intermediate",0,0,0,,,,,0,0
1778498957608-1:{"reqId":"1778498957608-1","type":"progress","progress":{"piece":"O","iterCount",0,0,0,,,,,0,0
1778498957608-1:{"reqId":"1778498957608-1","type":"progress","progress":{"depth":4,"expandedNodes":4,"placementsConsidered":16,"nextMapSize":8,"timeMs",0,0,0,,,,,0,0
1778498957608-1:{"reqId":"1778498957608-1","plan":{"action":"hold","slot":1},"score":730,"sig":"{\"next\":[\"I\",\"T\",\"J\",\"L\",\"Z\",\"O\"],\"hold\":null,\"current\":{\"type\":\"S\",\"x\":3,\"y\":0,\"rotation\":0}}","profile":{"depthProfile":[{"depth":0,"expandedNodes":1,"placementsConsidered":4,"nextMapSize":3,"timeMs":7},{"depth":1,"expandedNodes":3,"placementsConsidered":12,"nextMapSize":11,"timeMs":37},{"depth":2,"expandedNodes":4,"placementsConsidered":16,"nextMapSize":16,"timeMs":129},{"depth":3,"expandedNodes":4,"placementsConsidered":16,"nextMapSize":13,"timeMs":116},{"depth":4,"expandedNodes":4,"placementsConsidered":16,"nextMapSize":8,"timeMs":122}],"placementCacheHits":0,"placementCacheMisses":32,"placementGeneratedCount":128,"totalTimeMs":459},"intermediate",0,0,0,,,,,0,0
1778498957608-1:{"reqId":"1778498957608-1","plan":{"action":"hold","slot":1},"score":730,"sig":"{\"next\":[\"I\",\"T\",\"J\",\"L\",\"Z\",\"O\"],\"hold\":null,\"current\":{\"type\":\"S\",\"x\":3,\"y\":0,\"rotation\":0}}","profile":{"depthProfile":[{"depth":0,"expandedNodes":1,"placementsConsidered":4,"nextMapSize":3,"timeMs":7},{"depth":1,"expandedNodes":3,"placementsConsidered":12,"nextMapSize":11,"timeMs":37},{"depth":2,"expandedNodes":4,"placementsConsidered":16,"nextMapSize":16,"timeMs":129},{"depth":3,"expandedNodes":4,"placementsConsidered":16,"nextMapSize":13,"timeMs":116},{"depth":4,"expandedNodes":4,"placementsConsidered":16,"nextMapSize":8,"timeMs":122}],"placementCacheHits":0,"placementCacheMisses":32,"placementGeneratedCount":128,"totalTimeMs",0,0,0,,,,,0,0
1778498958956-2,9,0,0,,,,578.00,24,408
1778498958956-2:{"reqId":"1778498958956-2","type":"progress","progress":{"started",0,0,0,,,,,0,0
1778498958956-2:{"reqId":"1778498958956-2","type":"progress","progress":{"piece":"S","iterCount",0,0,0,,,,,0,0
1778498958956-2:{"reqId":"1778498958956-2","type":"progress","progress":{"piece":"I","iterCount",0,0,0,,,,,0,0
1778498958956-2:{"reqId":"1778498958956-2","type":"progress","progress":{"depth":0,"expandedNodes":1,"placementsConsidered":4,"nextMapSize":3,"timeMs",0,0,0,,,,,0,0
1778498958956-2:{"reqId":"1778498958956-2","plan":{"action":"hold","slot":1},"score":-49,"sig":"{\"next\":[\"T\",\"J\",\"L\",\"Z\",\"O\",\"O\"],\"hold\":\"I\",\"current\":{\"type\":\"S\",\"x\":3,\"y\":1,\"rotation\":0}}","profile":{"depthProfile":[{"depth":0,"expandedNodes":1,"placementsConsidered":4,"nextMapSize":3,"timeMs":6}],"placementCacheHits":0,"placementCacheMisses":2,"placementGeneratedCount":8,"totalTimeMs":6},"intermediate",0,0,0,,,,,0,0
1778498958956-2:{"reqId":"1778498958956-2","type":"progress","progress":{"piece":"T","iterCount",0,0,0,,,,,0,0
1778498958956-2:{"reqId":"1778498958956-2","type":"progress","progress":{"piece":"J","iterCount",0,0,0,,,,,0,0
1778498958956-2:{"reqId":"1778498958956-2","type":"progress","progress":{"depth":1,"expandedNodes":3,"placementsConsidered":12,"nextMapSize":12,"timeMs",0,0,0,,,,,0,0
1778498958956-2:{"reqId":"1778498958956-2","plan":{"action":"hold","slot":1},"score":-112,"sig":"{\"next\":[\"T\",\"J\",\"L\",\"Z\",\"O\",\"O\"],\"hold\":\"I\",\"current\":{\"type\":\"S\",\"x\":3,\"y\":1,\"rotation\":0}}","profile":{"depthProfile":[{"depth":0,"expandedNodes":1,"placementsConsidered":4,"nextMapSize":3,"timeMs":6},{"depth":1,"expandedNodes":3,"placementsConsidered":12,"nextMapSize":12,"timeMs":59}],"placementCacheHits":0,"placementCacheMisses":8,"placementGeneratedCount":32,"totalTimeMs":65},"intermediate",0,0,0,,,,,0,0
1778498958956-2:{"reqId":"1778498958956-2","type":"progress","progress":{"piece":"L","iterCount",0,0,0,,,,,0,0
1778498958956-2:{"reqId":"1778498958956-2","type":"progress","progress":{"depth":2,"expandedNodes":4,"placementsConsidered":16,"nextMapSize":16,"timeMs",0,0,0,,,,,0,0
1778498958956-2:{"reqId":"1778498958956-2","plan":{"action":"hold","slot":1},"score":866,"sig":"{\"next\":[\"T\",\"J\",\"L\",\"Z\",\"O\",\"O\"],\"hold\":\"I\",\"current\":{\"type\":\"S\",\"x\":3,\"y\":1,\"rotation\":0}}","profile":{"depthProfile":[{"depth":0,"expandedNodes":1,"placementsConsidered":4,"nextMapSize":3,"timeMs":6},{"depth":1,"expandedNodes":3,"placementsConsidered":12,"nextMapSize":12,"timeMs":59},{"depth":2,"expandedNodes":4,"placementsConsidered":16,"nextMapSize":16,"timeMs":130}],"placementCacheHits":0,"placementCacheMisses":16,"placementGeneratedCount":64,"totalTimeMs":212},"intermediate",0,0,0,,,,,0,0
1778498958956-2:{"reqId":"1778498958956-2","type":"progress","progress":{"piece":"Z","iterCount",0,0,0,,,,,0,0
1778498958956-2:{"reqId":"1778498958956-2","type":"progress","progress":{"depth":3,"expandedNodes":4,"placementsConsidered":16,"nextMapSize":13,"timeMs",0,0,0,,,,,0,0
1778498958956-2:{"reqId":"1778498958956-2","plan":{"action":"hold","slot":1},"score":810,"sig":"{\"next\":[\"T\",\"J\",\"L\",\"Z\",\"O\",\"O\"],\"hold\":\"I\",\"current\":{\"type\":\"S\",\"x\":3,\"y\":1,\"rotation\":0}}","profile":{"depthProfile":[{"depth":0,"expandedNodes":1,"placementsConsidered":4,"nextMapSize":3,"timeMs":6},{"depth":1,"expandedNodes":3,"placementsConsidered":12,"nextMapSize":12,"timeMs":59},{"depth":2,"expandedNodes":4,"placementsConsidered":16,"nextMapSize":16,"timeMs":130},{"depth":3,"expandedNodes":4,"placementsConsidered":16,"nextMapSize":13,"timeMs":137}],"placementCacheHits":0,"placementCacheMisses":24,"placementGeneratedCount":96,"totalTimeMs":365},"intermediate",0,0,0,,,,,0,0
1778498958956-2:{"reqId":"1778498958956-2","type":"progress","progress":{"piece":"O","iterCount",0,0,0,,,,,0,0
1778498958956-2:{"reqId":"1778498958956-2","type":"progress","progress":{"depth":4,"expandedNodes":4,"placementsConsidered":16,"nextMapSize":10,"timeMs",0,0,0,,,,,0,0
1778498958956-2:{"reqId":"1778498958956-2","plan":{"action":"hold","slot":1},"score":730,"sig":"{\"next\":[\"T\",\"J\",\"L\",\"Z\",\"O\",\"O\"],\"hold\":\"I\",\"current\":{\"type\":\"S\",\"x\":3,\"y\":1,\"rotation\":0}}","profile":{"depthProfile":[{"depth":0,"expandedNodes":1,"placementsConsidered":4,"nextMapSize":3,"timeMs":6},{"depth":1,"expandedNodes":3,"placementsConsidered":12,"nextMapSize":12,"timeMs":59},{"depth":2,"expandedNodes":4,"placementsConsidered":16,"nextMapSize":16,"timeMs":130},{"depth":3,"expandedNodes":4,"placementsConsidered":16,"nextMapSize":13,"timeMs":137},{"depth":4,"expandedNodes":4,"placementsConsidered":16,"nextMapSize":10,"timeMs":97}],"placementCacheHits":2,"placementCacheMisses":30,"placementGeneratedCount":120,"totalTimeMs":480},"intermediate",0,0,0,,,,,0,0
1778498958956-2:{"reqId":"1778498958956-2","type":"progress","progress":{"depth":5,"expandedNodes":2,"placementsConsidered":8,"nextMapSize":6,"timeMs",0,0,0,,,,,0,0
1778498958956-2:{"reqId":"1778498958956-2","plan":{"action":"hold","slot":1},"score":1671,"sig":"{\"next\":[\"T\",\"J\",\"L\",\"Z\",\"O\",\"O\"],\"hold\":\"I\",\"current\":{\"type\":\"S\",\"x\":3,\"y\":1,\"rotation\":0}}","profile":{"depthProfile":[{"depth":0,"expandedNodes":1,"placementsConsidered":4,"nextMapSize":3,"timeMs":6},{"depth":1,"expandedNodes":3,"placementsConsidered":12,"nextMapSize":12,"timeMs":59},{"depth":2,"expandedNodes":4,"placementsConsidered":16,"nextMapSize":16,"timeMs":130},{"depth":3,"expandedNodes":4,"placementsConsidered":16,"nextMapSize":13,"timeMs":137},{"depth":4,"expandedNodes":4,"placementsConsidered":16,"nextMapSize":10,"timeMs":97},{"depth":5,"expandedNodes":2,"placementsConsidered":8,"nextMapSize":6,"timeMs":65}],"placementCacheHits":2,"placementCacheMisses":34,"placementGeneratedCount":136,"totalTimeMs":563},"intermediate",0,0,0,,,,,0,0
1778498958956-2:{"reqId":"1778498958956-2","plan":{"action":"hold","slot":1},"score":1671,"sig":"{\"next\":[\"T\",\"J\",\"L\",\"Z\",\"O\",\"O\"],\"hold\":\"I\",\"current\":{\"type\":\"S\",\"x\":3,\"y\":1,\"rotation\":0}}","profile":{"depthProfile":[{"depth":0,"expandedNodes":1,"placementsConsidered":4,"nextMapSize":3,"timeMs":6},{"depth":1,"expandedNodes":3,"placementsConsidered":12,"nextMapSize":12,"timeMs":59},{"depth":2,"expandedNodes":4,"placementsConsidered":16,"nextMapSize":16,"timeMs":130},{"depth":3,"expandedNodes":4,"placementsConsidered":16,"nextMapSize":13,"timeMs":137},{"depth":4,"expandedNodes":4,"placementsConsidered":16,"nextMapSize":10,"timeMs":97},{"depth":5,"expandedNodes":2,"placementsConsidered":8,"nextMapSize":6,"timeMs":65}],"placementCacheHits":2,"placementCacheMisses":34,"placementGeneratedCount":136,"totalTimeMs",0,0,0,,,,,0,0
1778498960372-3,9,0,0,,,,560.00,24,408
1778498960372-3:{"reqId":"1778498960372-3","type":"progress","progress":{"started",0,0,0,,,,,0,0
1778498960372-3:{"reqId":"1778498960372-3","type":"progress","progress":{"piece":"S","iterCount",0,0,0,,,,,0,0
1778498960372-3:{"reqId":"1778498960372-3","type":"progress","progress":{"piece":"I","iterCount",0,0,0,,,,,0,0
1778498960372-3:{"reqId":"1778498960372-3","type":"progress","progress":{"depth":0,"expandedNodes":1,"placementsConsidered":4,"nextMapSize":3,"timeMs",0,0,0,,,,,0,0
1778498960372-3:{"reqId":"1778498960372-3","plan":{"action":"hold","slot":1},"score":-49,"sig":"{\"next\":[\"T\",\"J\",\"L\",\"Z\",\"O\",\"O\"],\"hold\":\"I\",\"current\":{\"type\":\"S\",\"x\":3,\"y\":2,\"rotation\":0}}","profile":{"depthProfile":[{"depth":0,"expandedNodes":1,"placementsConsidered":4,"nextMapSize":3,"timeMs":12}],"placementCacheHits":0,"placementCacheMisses":2,"placementGeneratedCount":8,"totalTimeMs":12},"intermediate",0,0,0,,,,,0,0
1778498960372-3:{"reqId":"1778498960372-3","type":"progress","progress":{"piece":"T","iterCount",0,0,0,,,,,0,0
1778498960372-3:{"reqId":"1778498960372-3","type":"progress","progress":{"piece":"J","iterCount",0,0,0,,,,,0,0
1778498960372-3:{"reqId":"1778498960372-3","type":"progress","progress":{"depth":1,"expandedNodes":3,"placementsConsidered":12,"nextMapSize":12,"timeMs",0,0,0,,,,,0,0
1778498960372-3:{"reqId":"1778498960372-3","plan":{"action":"hold","slot":1},"score":-112,"sig":"{\"next\":[\"T\",\"J\",\"L\",\"Z\",\"O\",\"O\"],\"hold\":\"I\",\"current\":{\"type\":\"S\",\"x\":3,\"y\":2,\"rotation\":0}}","profile":{"depthProfile":[{"depth":0,"expandedNodes":1,"placementsConsidered":4,"nextMapSize":3,"timeMs":12},{"depth":1,"expandedNodes":3,"placementsConsidered":12,"nextMapSize":12,"timeMs":54}],"placementCacheHits":0,"placementCacheMisses":8,"placementGeneratedCount":32,"totalTimeMs":67},"intermediate",0,0,0,,,,,0,0
1778498960372-3:{"reqId":"1778498960372-3","type":"progress","progress":{"piece":"L","iterCount",0,0,0,,,,,0,0
1778498960372-3:{"reqId":"1778498960372-3","type":"progress","progress":{"depth":2,"expandedNodes":4,"placementsConsidered":16,"nextMapSize":16,"timeMs",0,0,0,,,,,0,0
1778498960372-3:{"reqId":"1778498960372-3","plan":{"action":"hold","slot":1},"score":866,"sig":"{\"next\":[\"T\",\"J\",\"L\",\"Z\",\"O\",\"O\"],\"hold\":\"I\",\"current\":{\"type\":\"S\",\"x\":3,\"y\":2,\"rotation\":0}}","profile":{"depthProfile":[{"depth":0,"expandedNodes":1,"placementsConsidered":4,"nextMapSize":3,"timeMs":12},{"depth":1,"expandedNodes":3,"placementsConsidered":12,"nextMapSize":12,"timeMs":54},{"depth":2,"expandedNodes":4,"placementsConsidered":16,"nextMapSize":16,"timeMs":129}],"placementCacheHits":0,"placementCacheMisses":16,"placementGeneratedCount":64,"totalTimeMs":210},"intermediate",0,0,0,,,,,0,0
1778498960372-3:{"reqId":"1778498960372-3","type":"progress","progress":{"piece":"Z","iterCount",0,0,0,,,,,0,0
1778498960372-3:{"reqId":"1778498960372-3","type":"progress","progress":{"depth":3,"expandedNodes":4,"placementsConsidered":16,"nextMapSize":13,"timeMs",0,0,0,,,,,0,0
1778498960372-3:{"reqId":"1778498960372-3","plan":{"action":"hold","slot":1},"score":810,"sig":"{\"next\":[\"T\",\"J\",\"L\",\"Z\",\"O\",\"O\"],\"hold\":\"I\",\"current\":{\"type\":\"S\",\"x\":3,\"y\":2,\"rotation\":0}}","profile":{"depthProfile":[{"depth":0,"expandedNodes":1,"placementsConsidered":4,"nextMapSize":3,"timeMs":12},{"depth":1,"expandedNodes":3,"placementsConsidered":12,"nextMapSize":12,"timeMs":54},{"depth":2,"expandedNodes":4,"placementsConsidered":16,"nextMapSize":16,"timeMs":129},{"depth":3,"expandedNodes":4,"placementsConsidered":16,"nextMapSize":13,"timeMs":126}],"placementCacheHits":0,"placementCacheMisses":24,"placementGeneratedCount":96,"totalTimeMs":351},"intermediate",0,0,0,,,,,0,0
1778498960372-3:{"reqId":"1778498960372-3","type":"progress","progress":{"piece":"O","iterCount",0,0,0,,,,,0,0
1778498960372-3:{"reqId":"1778498960372-3","type":"progress","progress":{"depth":4,"expandedNodes":4,"placementsConsidered":16,"nextMapSize":10,"timeMs",0,0,0,,,,,0,0
1778498960372-3:{"reqId":"1778498960372-3","plan":{"action":"hold","slot":1},"score":730,"sig":"{\"next\":[\"T\",\"J\",\"L\",\"Z\",\"O\",\"O\"],\"hold\":\"I\",\"current\":{\"type\":\"S\",\"x\":3,\"y\":2,\"rotation\":0}}","profile":{"depthProfile":[{"depth":0,"expandedNodes":1,"placementsConsidered":4,"nextMapSize":3,"timeMs":12},{"depth":1,"expandedNodes":3,"placementsConsidered":12,"nextMapSize":12,"timeMs":54},{"depth":2,"expandedNodes":4,"placementsConsidered":16,"nextMapSize":16,"timeMs":129},{"depth":3,"expandedNodes":4,"placementsConsidered":16,"nextMapSize":13,"timeMs":126},{"depth":4,"expandedNodes":4,"placementsConsidered":16,"nextMapSize":10,"timeMs":96}],"placementCacheHits":2,"placementCacheMisses":30,"placementGeneratedCount":120,"totalTimeMs":462},"intermediate",0,0,0,,,,,0,0
1778498960372-3:{"reqId":"1778498960372-3","type":"progress","progress":{"depth":5,"expandedNodes":2,"placementsConsidered":8,"nextMapSize":6,"timeMs",0,0,0,,,,,0,0
1778498960372-3:{"reqId":"1778498960372-3","plan":{"action":"hold","slot":1},"score":1671,"sig":"{\"next\":[\"T\",\"J\",\"L\",\"Z\",\"O\",\"O\"],\"hold\":\"I\",\"current\":{\"type\":\"S\",\"x\":3,\"y\":2,\"rotation\":0}}","profile":{"depthProfile":[{"depth":0,"expandedNodes":1,"placementsConsidered":4,"nextMapSize":3,"timeMs":12},{"depth":1,"expandedNodes":3,"placementsConsidered":12,"nextMapSize":12,"timeMs":54},{"depth":2,"expandedNodes":4,"placementsConsidered":16,"nextMapSize":16,"timeMs":129},{"depth":3,"expandedNodes":4,"placementsConsidered":16,"nextMapSize":13,"timeMs":126},{"depth":4,"expandedNodes":4,"placementsConsidered":16,"nextMapSize":10,"timeMs":96},{"depth":5,"expandedNodes":2,"placementsConsidered":8,"nextMapSize":6,"timeMs":66}],"placementCacheHits":2,"placementCacheMisses":34,"placementGeneratedCount":136,"totalTimeMs":544},"intermediate",0,0,0,,,,,0,0
1778498960372-3:{"reqId":"1778498960372-3","plan":{"action":"hold","slot":1},"score":1671,"sig":"{\"next\":[\"T\",\"J\",\"L\",\"Z\",\"O\",\"O\"],\"hold\":\"I\",\"current\":{\"type\":\"S\",\"x\":3,\"y\":2,\"rotation\":0}}","profile":{"depthProfile":[{"depth":0,"expandedNodes":1,"placementsConsidered":4,"nextMapSize":3,"timeMs":12},{"depth":1,"expandedNodes":3,"placementsConsidered":12,"nextMapSize":12,"timeMs":54},{"depth":2,"expandedNodes":4,"placementsConsidered":16,"nextMapSize":16,"timeMs":129},{"depth":3,"expandedNodes":4,"placementsConsidered":16,"nextMapSize":13,"timeMs":126},{"depth":4,"expandedNodes":4,"placementsConsidered":16,"nextMapSize":10,"timeMs":96},{"depth":5,"expandedNodes":2,"placementsConsidered":8,"nextMapSize":6,"timeMs":66}],"placementCacheHits":2,"placementCacheMisses":34,"placementGeneratedCount":136,"totalTimeMs",0,0,0,,,,,0,0
1778498961804-4,9,0,0,,,,550.00,22,374
1778498961804-4:{"reqId":"1778498961804-4","type":"progress","progress":{"started",0,0,0,,,,,0,0
1778498961804-4:{"reqId":"1778498961804-4","type":"progress","progress":{"piece":"S","iterCount",0,0,0,,,,,0,0
1778498961804-4:{"reqId":"1778498961804-4","type":"progress","progress":{"piece":"I","iterCount",0,0,0,,,,,0,0
1778498961804-4:{"reqId":"1778498961804-4","type":"progress","progress":{"depth":0,"expandedNodes":1,"placementsConsidered":4,"nextMapSize":3,"timeMs",0,0,0,,,,,0,0
1778498961804-4:{"reqId":"1778498961804-4","plan":{"action":"hold","slot":1},"score":-49,"sig":"{\"next\":[\"T\",\"J\",\"L\",\"Z\",\"O\",\"O\"],\"hold\":\"I\",\"current\":{\"type\":\"S\",\"x\":3,\"y\":3,\"rotation\":0}}","profile":{"depthProfile":[{"depth":0,"expandedNodes":1,"placementsConsidered":4,"nextMapSize":3,"timeMs":9}],"placementCacheHits":0,"placementCacheMisses":2,"placementGeneratedCount":8,"totalTimeMs":9},"intermediate",0,0,0,,,,,0,0
1778498961804-4:{"reqId":"1778498961804-4","type":"progress","progress":{"piece":"T","iterCount",0,0,0,,,,,0,0
1778498961804-4:{"reqId":"1778498961804-4","type":"progress","progress":{"piece":"J","iterCount",0,0,0,,,,,0,0
1778498961804-4:{"reqId":"1778498961804-4","type":"progress","progress":{"depth":1,"expandedNodes":3,"placementsConsidered":12,"nextMapSize":12,"timeMs",0,0,0,,,,,0,0
1778498961804-4:{"reqId":"1778498961804-4","plan":{"action":"hold","slot":1},"score":-112,"sig":"{\"next\":[\"T\",\"J\",\"L\",\"Z\",\"O\",\"O\"],\"hold\":\"I\",\"current\":{\"type\":\"S\",\"x\":3,\"y\":3,\"rotation\":0}}","profile":{"depthProfile":[{"depth":0,"expandedNodes":1,"placementsConsidered":4,"nextMapSize":3,"timeMs":9},{"depth":1,"expandedNodes":3,"placementsConsidered":12,"nextMapSize":12,"timeMs":50}],"placementCacheHits":0,"placementCacheMisses":8,"placementGeneratedCount":32,"totalTimeMs":60},"intermediate",0,0,0,,,,,0,0
1778498961804-4:{"reqId":"1778498961804-4","type":"progress","progress":{"piece":"L","iterCount",0,0,0,,,,,0,0
1778498961804-4:{"reqId":"1778498961804-4","type":"progress","progress":{"depth":2,"expandedNodes":4,"placementsConsidered":16,"nextMapSize":16,"timeMs",0,0,0,,,,,0,0
1778498961804-4:{"reqId":"1778498961804-4","plan":{"action":"hold","slot":1},"score":866,"sig":"{\"next\":[\"T\",\"J\",\"L\",\"Z\",\"O\",\"O\"],\"hold\":\"I\",\"current\":{\"type\":\"S\",\"x\":3,\"y\":3,\"rotation\":0}}","profile":{"depthProfile":[{"depth":0,"expandedNodes":1,"placementsConsidered":4,"nextMapSize":3,"timeMs":9},{"depth":1,"expandedNodes":3,"placementsConsidered":12,"nextMapSize":12,"timeMs":50},{"depth":2,"expandedNodes":4,"placementsConsidered":16,"nextMapSize":16,"timeMs":128}],"placementCacheHits":0,"placementCacheMisses":16,"placementGeneratedCount":64,"totalTimeMs":203},"intermediate",0,0,0,,,,,0,0
1778498961804-4:{"reqId":"1778498961804-4","type":"progress","progress":{"piece":"Z","iterCount",0,0,0,,,,,0,0
1778498961804-4:{"reqId":"1778498961804-4","type":"progress","progress":{"depth":3,"expandedNodes":4,"placementsConsidered":16,"nextMapSize":13,"timeMs",0,0,0,,,,,0,0
1778498961804-4:{"reqId":"1778498961804-4","plan":{"action":"hold","slot":1},"score":810,"sig":"{\"next\":[\"T\",\"J\",\"L\",\"Z\",\"O\",\"O\"],\"hold\":\"I\",\"current\":{\"type\":\"S\",\"x\":3,\"y\":3,\"rotation\":0}}","profile":{"depthProfile":[{"depth":0,"expandedNodes":1,"placementsConsidered":4,"nextMapSize":3,"timeMs":9},{"depth":1,"expandedNodes":3,"placementsConsidered":12,"nextMapSize":12,"timeMs":50},{"depth":2,"expandedNodes":4,"placementsConsidered":16,"nextMapSize":16,"timeMs":128},{"depth":3,"expandedNodes":4,"placementsConsidered":16,"nextMapSize":13,"timeMs":126}],"placementCacheHits":0,"placementCacheMisses":24,"placementGeneratedCount":96,"totalTimeMs":344},"intermediate",0,0,0,,,,,0,0
1778498961804-4:{"reqId":"1778498961804-4","type":"progress","progress":{"piece":"O","iterCount",0,0,0,,,,,0,0
1778498961804-4:{"reqId":"1778498961804-4","type":"progress","progress":{"depth":4,"expandedNodes":4,"placementsConsidered":16,"nextMapSize":10,"timeMs",0,0,0,,,,,0,0
1778498961804-4:{"reqId":"1778498961804-4","plan":{"action":"hold","slot":1},"score":730,"sig":"{\"next\":[\"T\",\"J\",\"L\",\"Z\",\"O\",\"O\"],\"hold\":\"I\",\"current\":{\"type\":\"S\",\"x\":3,\"y\":3,\"rotation\":0}}","profile":{"depthProfile":[{"depth":0,"expandedNodes":1,"placementsConsidered":4,"nextMapSize":3,"timeMs":9},{"depth":1,"expandedNodes":3,"placementsConsidered":12,"nextMapSize":12,"timeMs":50},{"depth":2,"expandedNodes":4,"placementsConsidered":16,"nextMapSize":16,"timeMs":128},{"depth":3,"expandedNodes":4,"placementsConsidered":16,"nextMapSize":13,"timeMs":126},{"depth":4,"expandedNodes":4,"placementsConsidered":16,"nextMapSize":10,"timeMs":95}],"placementCacheHits":2,"placementCacheMisses":30,"placementGeneratedCount":120,"totalTimeMs":454},"intermediate",0,0,0,,,,,0,0
1778498961804-4:{"reqId":"1778498961804-4","type":"progress","progress":{"depth":5,"expandedNodes":2,"placementsConsidered":8,"nextMapSize":6,"timeMs",0,0,0,,,,,0,0
1778498961804-4:{"reqId":"1778498961804-4","plan":{"action":"hold","slot":1},"score":1671,"sig":"{\"next\":[\"T\",\"J\",\"L\",\"Z\",\"O\",\"O\"],\"hold\":\"I\",\"current\":{\"type\":\"S\",\"x\":3,\"y\":3,\"rotation\":0}}","profile":{"depthProfile":[{"depth":0,"expandedNodes":1,"placementsConsidered":4,"nextMapSize":3,"timeMs":9},{"depth":1,"expandedNodes":3,"placementsConsidered":12,"nextMapSize":12,"timeMs":50},{"depth":2,"expandedNodes":4,"placementsConsidered":16,"nextMapSize":16,"timeMs":128},{"depth":3,"expandedNodes":4,"placementsConsidered":16,"nextMapSize":13,"timeMs":126},{"depth":4,"expandedNodes":4,"placementsConsidered":16,"nextMapSize":10,"timeMs":95},{"depth":5,"expandedNodes":2,"placementsConsidered":8,"nextMapSize":6,"timeMs":63}],"placementCacheHits":2,"placementCacheMisses":34,"placementGeneratedCount":136,"totalTimeMs":533},"intermediate",0,0,0,,,,,0,0
1778498961804-4:{"reqId":"1778498961804-4","plan":{"action":"hold","slot":1},"score":1671,"sig":"{\"next\":[\"T\",\"J\",\"L\",\"Z\",\"O\",\"O\"],\"hold\":\"I\",\"current\":{\"type\":\"S\",\"x\":3,\"y\":3,\"rotation\":0}}","profile":{"depthProfile":[{"depth":0,"expandedNodes":1,"placementsConsidered":4,"nextMapSize":3,"timeMs":9},{"depth":1,"expandedNodes":3,"placementsConsidered":12,"nextMapSize":12,"timeMs":50},{"depth":2,"expandedNodes":4,"placementsConsidered":16,"nextMapSize":16,"timeMs":128},{"depth":3,"expandedNodes":4,"placementsConsidered":16,"nextMapSize":13,"timeMs":126},{"depth":4,"expandedNodes":4,"placementsConsidered":16,"nextMapSize":10,"timeMs":95},{"depth":5,"expandedNodes":2,"placementsConsidered":8,"nextMapSize":6,"timeMs":63}],"placementCacheHits":2,"placementCacheMisses":34,"placementGeneratedCount":136,"totalTimeMs",0,0,0,,,,,0,0
1778498963212-5,8,0,0,,,,556.00,10,170
1778498963212-5:{"reqId":"1778498963212-5","type":"progress","progress":{"started",0,0,0,,,,,0,0
1778498963212-5:{"reqId":"1778498963212-5","type":"progress","progress":{"piece":"S","iterCount",0,0,0,,,,,0,0
1778498963212-5:{"reqId":"1778498963212-5","type":"progress","progress":{"piece":"I","iterCount",0,0,0,,,,,0,0
1778498963212-5:{"reqId":"1778498963212-5","type":"progress","progress":{"depth":0,"expandedNodes":1,"placementsConsidered":4,"nextMapSize":3,"timeMs",0,0,0,,,,,0,0
1778498963212-5:{"reqId":"1778498963212-5","plan":{"action":"hold","slot":1},"score":-49,"sig":"{\"next\":[\"T\",\"J\",\"L\",\"Z\",\"O\",\"O\"],\"hold\":\"I\",\"current\":{\"type\":\"S\",\"x\":3,\"y\":5,\"rotation\":0}}","profile":{"depthProfile":[{"depth":0,"expandedNodes":1,"placementsConsidered":4,"nextMapSize":3,"timeMs":13}],"placementCacheHits":0,"placementCacheMisses":2,"placementGeneratedCount":8,"totalTimeMs":13},"intermediate",0,0,0,,,,,0,0
1778498963212-5:{"reqId":"1778498963212-5","type":"progress","progress":{"piece":"T","iterCount",0,0,0,,,,,0,0
1778498963212-5:{"reqId":"1778498963212-5","type":"progress","progress":{"piece":"J","iterCount",0,0,0,,,,,0,0
1778498963212-5:{"reqId":"1778498963212-5","type":"progress","progress":{"depth":1,"expandedNodes":3,"placementsConsidered":12,"nextMapSize":12,"timeMs",0,0,0,,,,,0,0
1778498963212-5:{"reqId":"1778498963212-5","plan":{"action":"hold","slot":1},"score":-112,"sig":"{\"next\":[\"T\",\"J\",\"L\",\"Z\",\"O\",\"O\"],\"hold\":\"I\",\"current\":{\"type\":\"S\",\"x\":3,\"y\":5,\"rotation\":0}}","profile":{"depthProfile":[{"depth":0,"expandedNodes":1,"placementsConsidered":4,"nextMapSize":3,"timeMs":13},{"depth":1,"expandedNodes":3,"placementsConsidered":12,"nextMapSize":12,"timeMs":58}],"placementCacheHits":0,"placementCacheMisses":8,"placementGeneratedCount":32,"totalTimeMs":72},"intermediate",0,0,0,,,,,0,0
1778498963212-5:{"reqId":"1778498963212-5","type":"progress","progress":{"piece":"L","iterCount",0,0,0,,,,,0,0
1778498963212-5:{"reqId":"1778498963212-5","type":"progress","progress":{"depth":2,"expandedNodes":4,"placementsConsidered":16,"nextMapSize":16,"timeMs",0,0,0,,,,,0,0
1778498963212-5:{"reqId":"1778498963212-5","plan":{"action":"hold","slot":1},"score":866,"sig":"{\"next\":[\"T\",\"J\",\"L\",\"Z\",\"O\",\"O\"],\"hold\":\"I\",\"current\":{\"type\":\"S\",\"x\":3,\"y\":5,\"rotation\":0}}","profile":{"depthProfile":[{"depth":0,"expandedNodes":1,"placementsConsidered":4,"nextMapSize":3,"timeMs":13},{"depth":1,"expandedNodes":3,"placementsConsidered":12,"nextMapSize":12,"timeMs":58},{"depth":2,"expandedNodes":4,"placementsConsidered":16,"nextMapSize":16,"timeMs":116}],"placementCacheHits":0,"placementCacheMisses":16,"placementGeneratedCount":64,"totalTimeMs":205},"intermediate",0,0,0,,,,,0,0
1778498963212-5:{"reqId":"1778498963212-5","type":"progress","progress":{"piece":"Z","iterCount",0,0,0,,,,,0,0
1778498963212-5:{"reqId":"1778498963212-5","type":"progress","progress":{"depth":3,"expandedNodes":4,"placementsConsidered":16,"nextMapSize":13,"timeMs",0,0,0,,,,,0,0
1778498963212-5:{"reqId":"1778498963212-5","plan":{"action":"hold","slot":1},"score":810,"sig":"{\"next\":[\"T\",\"J\",\"L\",\"Z\",\"O\",\"O\"],\"hold\":\"I\",\"current\":{\"type\":\"S\",\"x\":3,\"y\":5,\"rotation\":0}}","profile":{"depthProfile":[{"depth":0,"expandedNodes":1,"placementsConsidered":4,"nextMapSize":3,"timeMs":13},{"depth":1,"expandedNodes":3,"placementsConsidered":12,"nextMapSize":12,"timeMs":58},{"depth":2,"expandedNodes":4,"placementsConsidered":16,"nextMapSize":16,"timeMs":116},{"depth":3,"expandedNodes":4,"placementsConsidered":16,"nextMapSize":13,"timeMs":130}],"placementCacheHits":0,"placementCacheMisses":24,"placementGeneratedCount":96,"totalTimeMs":351},"intermediate",0,0,0,,,,,0,0
1778498963212-5:{"reqId":"1778498963212-5","type":"progress","progress":{"piece":"O","iterCount",0,0,0,,,,,0,0
1778498963212-5:{"reqId":"1778498963212-5","type":"progress","progress":{"depth":4,"expandedNodes":4,"placementsConsidered":16,"nextMapSize":10,"timeMs",0,0,0,,,,,0,0
1778498963212-5:{"reqId":"1778498963212-5","plan":{"action":"hold","slot":1},"score":730,"sig":"{\"next\":[\"T\",\"J\",\"L\",\"Z\",\"O\",\"O\"],\"hold\":\"I\",\"current\":{\"type\":\"S\",\"x\":3,\"y\":5,\"rotation\":0}}","profile":{"depthProfile":[{"depth":0,"expandedNodes":1,"placementsConsidered":4,"nextMapSize":3,"timeMs":13},{"depth":1,"expandedNodes":3,"placementsConsidered":12,"nextMapSize":12,"timeMs":58},{"depth":2,"expandedNodes":4,"placementsConsidered":16,"nextMapSize":16,"timeMs":116},{"depth":3,"expandedNodes":4,"placementsConsidered":16,"nextMapSize":13,"timeMs":130},{"depth":4,"expandedNodes":4,"placementsConsidered":16,"nextMapSize":10,"timeMs":96}],"placementCacheHits":2,"placementCacheMisses":30,"placementGeneratedCount":120,"totalTimeMs":463},"intermediate",0,0,0,,,,,0,0
1778498963212-5:{"reqId":"1778498963212-5","type":"progress","progress":{"depth":5,"expandedNodes":2,"placementsConsidered":8,"nextMapSize":6,"timeMs",0,0,0,,,,,0,0
1778498963212-5:{"reqId":"1778498963212-5","plan":{"action":"hold","slot":1},"score":1671,"sig":"{\"next\":[\"T\",\"J\",\"L\",\"Z\",\"O\",\"O\"],\"hold\":\"I\",\"current\":{\"type\":\"S\",\"x\":3,\"y\":5,\"rotation\":0}}","profile":{"depthProfile":[{"depth":0,"expandedNodes":1,"placementsConsidered":4,"nextMapSize":3,"timeMs":13},{"depth":1,"expandedNodes":3,"placementsConsidered":12,"nextMapSize":12,"timeMs":58},{"depth":2,"expandedNodes":4,"placementsConsidered":16,"nextMapSize":16,"timeMs":116},{"depth":3,"expandedNodes":4,"placementsConsidered":16,"nextMapSize":13,"timeMs":130},{"depth":4,"expandedNodes":4,"placementsConsidered":16,"nextMapSize":10,"timeMs":96},{"depth":5,"expandedNodes":2,"placementsConsidered":8,"nextMapSize":6,"timeMs":62}],"placementCacheHits":2,"placementCacheMisses":34,"placementGeneratedCount":136,"totalTimeMs":540},"intermediate",0,0,0,,,,,0,0
1778498963212-5:{"reqId":"1778498963212-5","plan":{"action":"hold","slot":1},"score":1671,"sig":"{\"next\":[\"T\",\"J\",\"L\",\"Z\",\"O\",\"O\"],\"hold\":\"I\",\"current\":{\"type\":\"S\",\"x\":3,\"y\":5,\"rotation\":0}}","profile":{"depthProfile":[{"depth":0,"expandedNodes":1,"placementsConsidered":4,"nextMapSize":3,"timeMs":13},{"depth":1,"expandedNodes":3,"placementsConsidered":12,"nextMapSize":12,"timeMs":58},{"depth":2,"expandedNodes":4,"placementsConsidered":16,"nextMapSize":16,"timeMs":116},{"depth":3,"expandedNodes":4,"placementsConsidered":16,"nextMapSize":13,"timeMs":130},{"depth":4,"expandedNodes":4,"placementsConsidered":16,"nextMapSize":10,"timeMs":96},{"depth":5,"expandedNodes":2,"placementsConsidered":8,"nextMapSize":6,"timeMs":62}],"placementCacheHits":2,"placementCacheMisses":34,"placementGeneratedCount":136,"totalTimeMs",0,0,0,,,,,0,0
1778498964637-6,2,0,0,,,,,0,0
1778498964637-6:{"reqId":"1778498964637-6","type":"progress","progress":{"started",0,0,0,,,,,0,0
1778498964637-6:{"reqId":"1778498964637-6","type":"progress","progress":{"piece":"S","iterCount",0,0,0,,,,,0,0
1778498964637-6:{"reqId":"1778498964637-6","type":"progress","progress":{"piece":"I","iterCount",0,0,0,,,,,0,0
1778498964637-6:{"reqId":"1778498964637-6","type":"progress","progress":{"depth":0,"expandedNodes":1,"placementsConsidered":4,"nextMapSize":3,"timeMs",0,0,0,,,,,0,0
1778498964637-6:{"reqId":"1778498964637-6","plan":{"action":"hold","slot":1},"score":-49,"sig":"{\"next\":[\"T\",\"J\",\"L\",\"Z\",\"O\",\"O\"],\"hold\":\"I\",\"current\":{\"type\":\"S\",\"x\":3,\"y\":6,\"rotation\":0}}","profile":{"depthProfile":[{"depth":0,"expandedNodes":1,"placementsConsidered":4,"nextMapSize":3,"timeMs":6}],"placementCacheHits":0,"placementCacheMisses":2,"placementGeneratedCount":8,"totalTimeMs":6},"intermediate",0,0,0,,,,,0,0
1778498964637-6:{"reqId":"1778498964637-6","type":"progress","progress":{"piece":"T","iterCount",0,0,0,,,,,0,0
1778498964637-6:{"reqId":"1778498964637-6","type":"progress","progress":{"piece":"J","iterCount",0,0,0,,,,,0,0
1778498964637-6:{"reqId":"1778498964637-6","type":"progress","progress":{"depth":1,"expandedNodes":3,"placementsConsidered":12,"nextMapSize":12,"timeMs",0,0,0,,,,,0,0
1778498964637-6:{"reqId":"1778498964637-6","plan":{"action":"hold","slot":1},"score":-112,"sig":"{\"next\":[\"T\",\"J\",\"L\",\"Z\",\"O\",\"O\"],\"hold\":\"I\",\"current\":{\"type\":\"S\",\"x\":3,\"y\":6,\"rotation\":0}}","profile":{"depthProfile":[{"depth":0,"expandedNodes":1,"placementsConsidered":4,"nextMapSize":3,"timeMs":6},{"depth":1,"expandedNodes":3,"placementsConsidered":12,"nextMapSize":12,"timeMs":45}],"placementCacheHits":0,"placementCacheMisses":8,"placementGeneratedCount":32,"totalTimeMs":51},"intermediate",0,0,0,,,,,0,0
1778498964637-6:{"reqId":"1778498964637-6","type":"progress","progress":{"piece":"L","iterCount",0,0,0,,,,,0,0
1778499104370-1,8,0,0,,,,477.00,12,372
1778499104370-1:{"reqId":"1778499104370-1","type":"progress","progress":{"started",0,0,0,,,,,0,0
1778499104370-1:{"reqId":"1778499104370-1","type":"progress","progress":{"piece":"O","iterCount",0,0,0,,,,,0,0
1778499104370-1:{"reqId":"1778499104370-1","type":"progress","progress":{"piece":"S","iterCount",0,0,0,,,,,0,0
1778499104370-1:{"reqId":"1778499104370-1","type":"progress","progress":{"depth":0,"expandedNodes":1,"placementsConsidered":4,"nextMapSize":4,"timeMs",0,0,0,,,,,0,0
1778499104370-1:{"reqId":"1778499104370-1","plan":{"action":"place","x":-1,"rotation":0},"score":-34,"sig":"{\"next\":[\"S\",\"L\",\"T\",\"Z\",\"J\",\"I\"],\"hold\":null,\"current\":{\"type\":\"O\",\"x\":3,\"y\":1,\"rotation\":0}}","profile":{"depthProfile":[{"depth":0,"expandedNodes":1,"placementsConsidered":4,"nextMapSize":4,"timeMs":8}],"placementCacheHits":0,"placementCacheMisses":2,"placementGeneratedCount":70,"totalTimeMs":8},"intermediate",0,0,0,,,,,0,0
1778499104370-1:{"reqId":"1778499104370-1","type":"progress","progress":{"piece":"L","iterCount",0,0,0,,,,,0,0
1778499104370-1:{"reqId":"1778499104370-1","type":"progress","progress":{"piece":"T","iterCount",0,0,0,,,,,0,0
1778499104370-1:{"reqId":"1778499104370-1","type":"progress","progress":{"depth":1,"expandedNodes":4,"placementsConsidered":16,"nextMapSize":13,"timeMs",0,0,0,,,,,0,0
1778499104370-1:{"reqId":"1778499104370-1","plan":{"action":"place","x":7,"rotation":0},"score":-112,"sig":"{\"next\":[\"S\",\"L\",\"T\",\"Z\",\"J\",\"I\"],\"hold\":null,\"current\":{\"type\":\"O\",\"x\":3,\"y\":1,\"rotation\":0}}","profile":{"depthProfile":[{"depth":0,"expandedNodes":1,"placementsConsidered":4,"nextMapSize":4,"timeMs":8},{"depth":1,"expandedNodes":4,"placementsConsidered":16,"nextMapSize":13,"timeMs":61}],"placementCacheHits":1,"placementCacheMisses":9,"placementGeneratedCount":310,"totalTimeMs":70},"intermediate",0,0,0,,,,,0,0
1778499104370-1:{"reqId":"1778499104370-1","type":"progress","progress":{"piece":"Z","iterCount",0,0,0,,,,,0,0
1778499104370-1:{"reqId":"1778499104370-1","type":"progress","progress":{"depth":2,"expandedNodes":4,"placementsConsidered":16,"nextMapSize":14,"timeMs",0,0,0,,,,,0,0
1778499104370-1:{"reqId":"1778499104370-1","plan":{"action":"place","x":7,"rotation":0},"score":-204,"sig":"{\"next\":[\"S\",\"L\",\"T\",\"Z\",\"J\",\"I\"],\"hold\":null,\"current\":{\"type\":\"O\",\"x\":3,\"y\":1,\"rotation\":0}}","profile":{"depthProfile":[{"depth":0,"expandedNodes":1,"placementsConsidered":4,"nextMapSize":4,"timeMs":8},{"depth":1,"expandedNodes":4,"placementsConsidered":16,"nextMapSize":13,"timeMs":61},{"depth":2,"expandedNodes":4,"placementsConsidered":16,"nextMapSize":14,"timeMs":126}],"placementCacheHits":1,"placementCacheMisses":17,"placementGeneratedCount":582,"totalTimeMs":212},"intermediate",0,0,0,,,,,0,0
1778499104370-1:{"reqId":"1778499104370-1","type":"progress","progress":{"piece":"J","iterCount",0,0,0,,,,,0,0
1778499104370-1:{"reqId":"1778499104370-1","type":"progress","progress":{"piece":"I","iterCount",0,0,0,,,,,0,0
1778499104370-1:{"reqId":"1778499104370-1","type":"progress","progress":{"depth":3,"expandedNodes":4,"placementsConsidered":16,"nextMapSize":13,"timeMs",0,0,0,,,,,0,0
1778499104370-1:{"reqId":"1778499104370-1","plan":{"action":"place","x":7,"rotation":0},"score":725,"sig":"{\"next\":[\"S\",\"L\",\"T\",\"Z\",\"J\",\"I\"],\"hold\":null,\"current\":{\"type\":\"O\",\"x\":3,\"y\":1,\"rotation\":0}}","profile":{"depthProfile":[{"depth":0,"expandedNodes":1,"placementsConsidered":4,"nextMapSize":4,"timeMs":8},{"depth":1,"expandedNodes":4,"placementsConsidered":16,"nextMapSize":13,"timeMs":61},{"depth":2,"expandedNodes":4,"placementsConsidered":16,"nextMapSize":14,"timeMs":126},{"depth":3,"expandedNodes":4,"placementsConsidered":16,"nextMapSize":13,"timeMs":127}],"placementCacheHits":1,"placementCacheMisses":25,"placementGeneratedCount":854,"totalTimeMs":354},"intermediate",0,0,0,,,,,0,0
1778499104370-1:{"reqId":"1778499104370-1","type":"progress","progress":{"depth":4,"expandedNodes":3,"placementsConsidered":12,"nextMapSize":6,"timeMs",0,0,0,,,,,0,0
1778499104370-1:{"reqId":"1778499104370-1","plan":{"action":"place","x":7,"rotation":0},"score":640,"sig":"{\"next\":[\"S\",\"L\",\"T\",\"Z\",\"J\",\"I\"],\"hold\":null,\"current\":{\"type\":\"O\",\"x\":3,\"y\":1,\"rotation\":0}}","profile":{"depthProfile":[{"depth":0,"expandedNodes":1,"placementsConsidered":4,"nextMapSize":4,"timeMs":8},{"depth":1,"expandedNodes":4,"placementsConsidered":16,"nextMapSize":13,"timeMs":61},{"depth":2,"expandedNodes":4,"placementsConsidered":16,"nextMapSize":14,"timeMs":126},{"depth":3,"expandedNodes":4,"placementsConsidered":16,"nextMapSize":13,"timeMs":127},{"depth":4,"expandedNodes":3,"placementsConsidered":12,"nextMapSize":6,"timeMs":92}],"placementCacheHits":1,"placementCacheMisses":31,"placementGeneratedCount":1058,"totalTimeMs":461},"intermediate",0,0,0,,,,,0,0
1778499104370-1:{"reqId":"1778499104370-1","plan":{"action":"place","x":7,"rotation":0},"score":640,"sig":"{\"next\":[\"S\",\"L\",\"T\",\"Z\",\"J\",\"I\"],\"hold\":null,\"current\":{\"type\":\"O\",\"x\":3,\"y\":1,\"rotation\":0}}","profile":{"depthProfile":[{"depth":0,"expandedNodes":1,"placementsConsidered":4,"nextMapSize":4,"timeMs":8},{"depth":1,"expandedNodes":4,"placementsConsidered":16,"nextMapSize":13,"timeMs":61},{"depth":2,"expandedNodes":4,"placementsConsidered":16,"nextMapSize":14,"timeMs":126},{"depth":3,"expandedNodes":4,"placementsConsidered":16,"nextMapSize":13,"timeMs":127},{"depth":4,"expandedNodes":3,"placementsConsidered":12,"nextMapSize":6,"timeMs":92}],"placementCacheHits":1,"placementCacheMisses":31,"placementGeneratedCount":1058,"totalTimeMs",0,0,0,,,,,0,0
1778499105710-2,9,0,0,,,,628.00,15,555
1778499105710-2:{"reqId":"1778499105710-2","type":"progress","progress":{"started",0,0,0,,,,,0,0
1778499105710-2:{"reqId":"1778499105710-2","type":"progress","progress":{"piece":"I","iterCount",0,0,0,,,,,0,0
1778499105710-2:{"reqId":"1778499105710-2","type":"progress","progress":{"piece":"S","iterCount",0,0,0,,,,,0,0
1778499105710-2:{"reqId":"1778499105710-2","type":"progress","progress":{"depth":0,"expandedNodes":1,"placementsConsidered":4,"nextMapSize":4,"timeMs",0,0,0,,,,,0,0
1778499105710-2:{"reqId":"1778499105710-2","plan":{"action":"place","x":2,"rotation":0},"score":-1321,"sig":"{\"next\":[\"S\",\"T\",\"L\",\"O\",\"Z\",\"I\"],\"hold\":null,\"current\":{\"type\":\"I\",\"x\":3,\"y\":0,\"rotation\":0}}","profile":{"depthProfile":[{"depth":0,"expandedNodes":1,"placementsConsidered":4,"nextMapSize":4,"timeMs":8}],"placementCacheHits":0,"placementCacheMisses":2,"placementGeneratedCount":68,"totalTimeMs":9},"intermediate",0,0,0,,,,,0,0
1778499105710-2:{"reqId":"1778499105710-2","type":"progress","progress":{"piece":"T","iterCount",0,0,0,,,,,0,0
1778499105710-2:{"reqId":"1778499105710-2","type":"progress","progress":{"piece":"L","iterCount",0,0,0,,,,,0,0
1778499105710-2:{"reqId":"1778499105710-2","type":"progress","progress":{"depth":1,"expandedNodes":4,"placementsConsidered":16,"nextMapSize":12,"timeMs",0,0,0,,,,,0,0
1778499105710-2:{"reqId":"1778499105710-2","plan":{"action":"place","x":2,"rotation":0},"score":-2666,"sig":"{\"next\":[\"S\",\"T\",\"L\",\"O\",\"Z\",\"I\"],\"hold\":null,\"current\":{\"type\":\"I\",\"x\":3,\"y\":0,\"rotation\":0}}","profile":{"depthProfile":[{"depth":0,"expandedNodes":1,"placementsConsidered":4,"nextMapSize":4,"timeMs":8},{"depth":1,"expandedNodes":4,"placementsConsidered":16,"nextMapSize":12,"timeMs":67}],"placementCacheHits":1,"placementCacheMisses":9,"placementGeneratedCount":306,"totalTimeMs":77},"intermediate",0,0,0,,,,,0,0
1778499105710-2:{"reqId":"1778499105710-2","type":"progress","progress":{"depth":2,"expandedNodes":4,"placementsConsidered":16,"nextMapSize":16,"timeMs",0,0,0,,,,,0,0
1778499105710-2:{"reqId":"1778499105710-2","plan":{"action":"place","x":2,"rotation":0},"score":-4025,"sig":"{\"next\":[\"S\",\"T\",\"L\",\"O\",\"Z\",\"I\"],\"hold\":null,\"current\":{\"type\":\"I\",\"x\":3,\"y\":0,\"rotation\":0}}","profile":{"depthProfile":[{"depth":0,"expandedNodes":1,"placementsConsidered":4,"nextMapSize":4,"timeMs":8},{"depth":1,"expandedNodes":4,"placementsConsidered":16,"nextMapSize":12,"timeMs":67},{"depth":2,"expandedNodes":4,"placementsConsidered":16,"nextMapSize":16,"timeMs":134}],"placementCacheHits":1,"placementCacheMisses":17,"placementGeneratedCount":578,"totalTimeMs":228},"intermediate",0,0,0,,,,,0,0
1778499105710-2:{"reqId":"1778499105710-2","type":"progress","progress":{"piece":"O","iterCount",0,0,0,,,,,0,0
1778499105710-2:{"reqId":"1778499105710-2","type":"progress","progress":{"piece":"Z","iterCount",0,0,0,,,,,0,0
1778499105710-2:{"reqId":"1778499105710-2","type":"progress","progress":{"depth":3,"expandedNodes":4,"placementsConsidered":16,"nextMapSize":14,"timeMs",0,0,0,,,,,0,0
1778499105710-2:{"reqId":"1778499105710-2","plan":{"action":"place","x":2,"rotation":0},"score":-5398,"sig":"{\"next\":[\"S\",\"T\",\"L\",\"O\",\"Z\",\"I\"],\"hold\":null,\"current\":{\"type\":\"I\",\"x\":3,\"y\":0,\"rotation\":0}}","profile":{"depthProfile":[{"depth":0,"expandedNodes":1,"placementsConsidered":4,"nextMapSize":4,"timeMs":8},{"depth":1,"expandedNodes":4,"placementsConsidered":16,"nextMapSize":12,"timeMs":67},{"depth":2,"expandedNodes":4,"placementsConsidered":16,"nextMapSize":16,"timeMs":134},{"depth":3,"expandedNodes":4,"placementsConsidered":16,"nextMapSize":14,"timeMs":136}],"placementCacheHits":1,"placementCacheMisses":25,"placementGeneratedCount":856,"totalTimeMs":378},"intermediate",0,0,0,,,,,0,0
1778499105710-2:{"reqId":"1778499105710-2","type":"progress","progress":{"depth":4,"expandedNodes":4,"placementsConsidered":16,"nextMapSize":12,"timeMs",0,0,0,,,,,0,0
1778499105710-2:{"reqId":"1778499105710-2","plan":{"action":"place","x":2,"rotation":0},"score":-5740,"sig":"{\"next\":[\"S\",\"T\",\"L\",\"O\",\"Z\",\"I\"],\"hold\":null,\"current\":{\"type\":\"I\",\"x\":3,\"y\":0,\"rotation\":0}}","profile":{"depthProfile":[{"depth":0,"expandedNodes":1,"placementsConsidered":4,"nextMapSize":4,"timeMs":8},{"depth":1,"expandedNodes":4,"placementsConsidered":16,"nextMapSize":12,"timeMs":67},{"depth":2,"expandedNodes":4,"placementsConsidered":16,"nextMapSize":16,"timeMs":134},{"depth":3,"expandedNodes":4,"placementsConsidered":16,"nextMapSize":14,"timeMs":136},{"depth":4,"expandedNodes":4,"placementsConsidered":16,"nextMapSize":12,"timeMs":132}],"placementCacheHits":1,"placementCacheMisses":33,"placementGeneratedCount":1132,"totalTimeMs":526},"intermediate",0,0,0,,,,,0,0
1778499105710-2:{"reqId":"1778499105710-2","type":"progress","progress":{"depth":5,"expandedNodes":2,"placementsConsidered":8,"nextMapSize":4,"timeMs",0,0,0,,,,,0,0
1778499105710-2:{"reqId":"1778499105710-2","plan":{"action":"place","x":2,"rotation":0},"score":-7171,"sig":"{\"next\":[\"S\",\"T\",\"L\",\"O\",\"Z\",\"I\"],\"hold\":null,\"current\":{\"type\":\"I\",\"x\":3,\"y\":0,\"rotation\":0}}","profile":{"depthProfile":[{"depth":0,"expandedNodes":1,"placementsConsidered":4,"nextMapSize":4,"timeMs":8},{"depth":1,"expandedNodes":4,"placementsConsidered":16,"nextMapSize":12,"timeMs":67},{"depth":2,"expandedNodes":4,"placementsConsidered":16,"nextMapSize":16,"timeMs":134},{"depth":3,"expandedNodes":4,"placementsConsidered":16,"nextMapSize":14,"timeMs":136},{"depth":4,"expandedNodes":4,"placementsConsidered":16,"nextMapSize":12,"timeMs":132},{"depth":5,"expandedNodes":2,"placementsConsidered":8,"nextMapSize":4,"timeMs":68}],"placementCacheHits":1,"placementCacheMisses":37,"placementGeneratedCount":1270,"totalTimeMs":609},"intermediate",0,0,0,,,,,0,0
1778499105710-2:{"reqId":"1778499105710-2","plan":{"action":"place","x":2,"rotation":0},"score":-7171,"sig":"{\"next\":[\"S\",\"T\",\"L\",\"O\",\"Z\",\"I\"],\"hold\":null,\"current\":{\"type\":\"I\",\"x\":3,\"y\":0,\"rotation\":0}}","profile":{"depthProfile":[{"depth":0,"expandedNodes":1,"placementsConsidered":4,"nextMapSize":4,"timeMs":8},{"depth":1,"expandedNodes":4,"placementsConsidered":16,"nextMapSize":12,"timeMs":67},{"depth":2,"expandedNodes":4,"placementsConsidered":16,"nextMapSize":16,"timeMs":134},{"depth":3,"expandedNodes":4,"placementsConsidered":16,"nextMapSize":14,"timeMs":136},{"depth":4,"expandedNodes":4,"placementsConsidered":16,"nextMapSize":12,"timeMs":132},{"depth":5,"expandedNodes":2,"placementsConsidered":8,"nextMapSize":4,"timeMs":68}],"placementCacheHits":1,"placementCacheMisses":37,"placementGeneratedCount":1270,"totalTimeMs",0,0,0,,,,,0,0
1778499107201-3,12,0,0,,,,492.00,28,420
1778499107201-3:{"reqId":"1778499107201-3","type":"progress","progress":{"started",0,0,0,,,,,0,0
1778499107201-3:{"reqId":"1778499107201-3","type":"progress","progress":{"piece":"J","iterCount",0,0,0,,,,,0,0
1778499107201-3:{"reqId":"1778499107201-3","type":"progress","progress":{"piece":"T","iterCount",0,0,0,,,,,0,0
1778499107201-3:{"reqId":"1778499107201-3","type":"progress","progress":{"depth":0,"expandedNodes":1,"placementsConsidered":4,"nextMapSize":4,"timeMs",0,0,0,,,,,0,0
1778499107201-3:{"reqId":"1778499107201-3","plan":{"action":"place","x":0,"rotation":3},"score":-4304,"sig":"{\"next\":[\"T\",\"Z\",\"J\",\"O\",\"S\",\"I\"],\"hold\":null,\"current\":{\"type\":\"J\",\"x\":3,\"y\":-1,\"rotation\":0}}","profile":{"depthProfile":[{"depth":0,"expandedNodes":1,"placementsConsidered":4,"nextMapSize":4,"timeMs":10}],"placementCacheHits":0,"placementCacheMisses":2,"placementGeneratedCount":68,"totalTimeMs":10},"intermediate",0,0,0,,,,,0,0
1778499107201-3:{"reqId":"1778499107201-3","type":"progress","progress":{"piece":"Z","iterCount",0,0,0,,,,,0,0
1778499107201-3:{"reqId":"1778499107201-3","type":"progress","progress":{"depth":1,"expandedNodes":4,"placementsConsidered":16,"nextMapSize":15,"timeMs",0,0,0,,,,,0,0
1778499107201-3:{"reqId":"1778499107201-3","plan":{"action":"place","x":0,"rotation":3},"score":-8652,"sig":"{\"next\":[\"T\",\"Z\",\"J\",\"O\",\"S\",\"I\"],\"hold\":null,\"current\":{\"type\":\"J\",\"x\":3,\"y\":-1,\"rotation\":0}}","profile":{"depthProfile":[{"depth":0,"expandedNodes":1,"placementsConsidered":4,"nextMapSize":4,"timeMs":10},{"depth":1,"expandedNodes":4,"placementsConsidered":16,"nextMapSize":15,"timeMs":64}],"placementCacheHits":1,"placementCacheMisses":9,"placementGeneratedCount":306,"totalTimeMs":74},"intermediate",0,0,0,,,,,0,0
1778499107201-3:{"reqId":"1778499107201-3","type":"progress","progress":{"piece":"O","iterCount",0,0,0,,,,,0,0
1778499107201-3:{"reqId":"1778499107201-3","type":"progress","progress":{"depth":2,"expandedNodes":4,"placementsConsidered":16,"nextMapSize":12,"timeMs",0,0,0,,,,,0,0
1778499107201-3:{"reqId":"1778499107201-3","plan":{"action":"place","x":0,"rotation":3},"score":-12999,"sig":"{\"next\":[\"T\",\"Z\",\"J\",\"O\",\"S\",\"I\"],\"hold\":null,\"current\":{\"type\":\"J\",\"x\":3,\"y\":-1,\"rotation\":0}}","profile":{"depthProfile":[{"depth":0,"expandedNodes":1,"placementsConsidered":4,"nextMapSize":4,"timeMs":10},{"depth":1,"expandedNodes":4,"placementsConsidered":16,"nextMapSize":15,"timeMs":64},{"depth":2,"expandedNodes":4,"placementsConsidered":16,"nextMapSize":12,"timeMs":123}],"placementCacheHits":2,"placementCacheMisses":16,"placementGeneratedCount":546,"totalTimeMs":213},"intermediate",0,0,0,,,,,0,0
1778499107201-3:{"reqId":"1778499107201-3","type":"progress","progress":{"piece":"S","iterCount",0,0,0,,,,,0,0
1778499107201-3:{"reqId":"1778499107201-3","type":"progress","progress":{"depth":3,"expandedNodes":4,"placementsConsidered":16,"nextMapSize":13,"timeMs",0,0,0,,,,,0,0
1778499107201-3:{"reqId":"1778499107201-3","plan":{"action":"place","x":0,"rotation":3},"score":-17375,"sig":"{\"next\":[\"T\",\"Z\",\"J\",\"O\",\"S\",\"I\"],\"hold\":null,\"current\":{\"type\":\"J\",\"x\":3,\"y\":-1,\"rotation\":0}}","profile":{"depthProfile":[{"depth":0,"expandedNodes":1,"placementsConsidered":4,"nextMapSize":4,"timeMs":10},{"depth":1,"expandedNodes":4,"placementsConsidered":16,"nextMapSize":15,"timeMs":64},{"depth":2,"expandedNodes":4,"placementsConsidered":16,"nextMapSize":12,"timeMs":123},{"depth":3,"expandedNodes":4,"placementsConsidered":16,"nextMapSize":13,"timeMs":134}],"placementCacheHits":2,"placementCacheMisses":24,"placementGeneratedCount":822,"totalTimeMs":358},"intermediate",0,0,0,,,,,0,0
1778499107201-3:{"reqId":"1778499107201-3","type":"progress","progress":{"piece":"I","iterCount",0,0,0,,,,,0,0
1778499107201-3:{"reqId":"1778499107201-3","type":"progress","progress":{"depth":4,"expandedNodes":3,"placementsConsidered":12,"nextMapSize":8,"timeMs",0,0,0,,,,,0,0
1778499107201-3:{"reqId":"1778499107201-3","plan":{"action":"place","x":0,"rotation":3},"score":-21735,"sig":"{\"next\":[\"T\",\"Z\",\"J\",\"O\",\"S\",\"I\"],\"hold\":null,\"current\":{\"type\":\"J\",\"x\":3,\"y\":-1,\"rotation\":0}}","profile":{"depthProfile":[{"depth":0,"expandedNodes":1,"placementsConsidered":4,"nextMapSize":4,"timeMs":10},{"depth":1,"expandedNodes":4,"placementsConsidered":16,"nextMapSize":15,"timeMs":64},{"depth":2,"expandedNodes":4,"placementsConsidered":16,"nextMapSize":12,"timeMs":123},{"depth":3,"expandedNodes":4,"placementsConsidered":16,"nextMapSize":13,"timeMs":134},{"depth":4,"expandedNodes":3,"placementsConsidered":12,"nextMapSize":8,"timeMs":100}],"placementCacheHits":2,"placementCacheMisses":30,"placementGeneratedCount":1026,"totalTimeMs":475},"intermediate",0,0,0,,,,,0,0
1778499107201-3:{"reqId":"1778499107201-3","plan":{"action":"place","x":0,"rotation":3},"score":-21735,"sig":"{\"next\":[\"T\",\"Z\",\"J\",\"O\",\"S\",\"I\"],\"hold\":null,\"current\":{\"type\":\"J\",\"x\":3,\"y\":-1,\"rotation\":0}}","profile":{"depthProfile":[{"depth":0,"expandedNodes":1,"placementsConsidered":4,"nextMapSize":4,"timeMs":10},{"depth":1,"expandedNodes":4,"placementsConsidered":16,"nextMapSize":15,"timeMs":64},{"depth":2,"expandedNodes":4,"placementsConsidered":16,"nextMapSize":12,"timeMs":123},{"depth":3,"expandedNodes":4,"placementsConsidered":16,"nextMapSize":13,"timeMs":134},{"depth":4,"expandedNodes":3,"placementsConsidered":12,"nextMapSize":8,"timeMs":100}],"placementCacheHits":2,"placementCacheMisses":30,"placementGeneratedCount":1026,"totalTimeMs",0,0,0,,,,,0,0
1778499108544-4,11,0,0,,,,413.00,60,324
1778499108544-4:{"reqId":"1778499108544-4","type":"progress","progress":{"started",0,0,0,,,,,0,0
1778499108544-4:{"reqId":"1778499108544-4","type":"progress","progress":{"piece":"I","iterCount",0,0,0,,,,,0,0
1778499108544-4:{"reqId":"1778499108544-4","type":"progress","progress":{"piece":"L","iterCount",0,0,0,,,,,0,0
1778499108544-4:{"reqId":"1778499108544-4","type":"progress","progress":{"depth":0,"expandedNodes":1,"placementsConsidered":4,"nextMapSize":3,"timeMs",0,0,0,,,,,0,0
1778499108544-4:{"reqId":"1778499108544-4","plan":{"action":"place","x":4,"rotation":1},"score":-5345,"sig":"{\"next\":[\"L\",\"I\",\"Z\",\"L\",\"O\",\"S\"],\"hold\":null,\"current\":{\"type\":\"I\",\"x\":3,\"y\":0,\"rotation\":0}}","profile":{"depthProfile":[{"depth":0,"expandedNodes":1,"placementsConsidered":4,"nextMapSize":3,"timeMs":7}],"placementCacheHits":0,"placementCacheMisses":2,"placementGeneratedCount":68,"totalTimeMs":7},"intermediate",0,0,0,,,,,0,0
1778499108544-4:{"reqId":"1778499108544-4","type":"progress","progress":{"piece":"Z","iterCount",0,0,0,,,,,0,0
1778499108544-4:{"reqId":"1778499108544-4","type":"progress","progress":{"depth":1,"expandedNodes":3,"placementsConsidered":12,"nextMapSize":10,"timeMs",0,0,0,,,,,0,0
1778499108544-4:{"reqId":"1778499108544-4","plan":{"action":"place","x":4,"rotation":1},"score":-10694,"sig":"{\"next\":[\"L\",\"I\",\"Z\",\"L\",\"O\",\"S\"],\"hold\":null,\"current\":{\"type\":\"I\",\"x\":3,\"y\":0,\"rotation\":0}}","profile":{"depthProfile":[{"depth":0,"expandedNodes":1,"placementsConsidered":4,"nextMapSize":3,"timeMs":7},{"depth":1,"expandedNodes":3,"placementsConsidered":12,"nextMapSize":10,"timeMs":25}],"placementCacheHits":1,"placementCacheMisses":7,"placementGeneratedCount":238,"totalTimeMs":32},"intermediate",0,0,0,,,,,0,0
1778499108544-4:{"reqId":"1778499108544-4","type":"progress","progress":{"depth":2,"expandedNodes":4,"placementsConsidered":16,"nextMapSize":11,"timeMs",0,0,0,,,,,0,0
1778499108544-4:{"reqId":"1778499108544-4","plan":{"action":"place","x":4,"rotation":1},"score":-16047,"sig":"{\"next\":[\"L\",\"I\",\"Z\",\"L\",\"O\",\"S\"],\"hold\":null,\"current\":{\"type\":\"I\",\"x\":3,\"y\":0,\"rotation\":0}}","profile":{"depthProfile":[{"depth":0,"expandedNodes":1,"placementsConsidered":4,"nextMapSize":3,"timeMs":7},{"depth":1,"expandedNodes":3,"placementsConsidered":12,"nextMapSize":10,"timeMs":25},{"depth":2,"expandedNodes":4,"placementsConsidered":16,"nextMapSize":11,"timeMs":88}],"placementCacheHits":3,"placementCacheMisses":13,"placementGeneratedCount":442,"totalTimeMs":134},"intermediate",0,0,0,,,,,0,0
1778499108544-4:{"reqId":"1778499108544-4","type":"progress","progress":{"piece":"O","iterCount",0,0,0,,,,,0,0
1778499108544-4:{"reqId":"1778499108544-4","type":"progress","progress":{"depth":3,"expandedNodes":4,"placementsConsidered":16,"nextMapSize":11,"timeMs",0,0,0,,,,,0,0
1778499108544-4:{"reqId":"1778499108544-4","plan":{"action":"place","x":4,"rotation":1},"score":-21424,"sig":"{\"next\":[\"L\",\"I\",\"Z\",\"L\",\"O\",\"S\"],\"hold\":null,\"current\":{\"type\":\"I\",\"x\":3,\"y\":0,\"rotation\":0}}","profile":{"depthProfile":[{"depth":0,"expandedNodes":1,"placementsConsidered":4,"nextMapSize":3,"timeMs":7},{"depth":1,"expandedNodes":3,"placementsConsidered":12,"nextMapSize":10,"timeMs":25},{"depth":2,"expandedNodes":4,"placementsConsidered":16,"nextMapSize":11,"timeMs":88},{"depth":3,"expandedNodes":4,"placementsConsidered":16,"nextMapSize":11,"timeMs":102}],"placementCacheHits":5,"placementCacheMisses":19,"placementGeneratedCount":652,"totalTimeMs":251},"intermediate",0,0,0,,,,,0,0
1778499108544-4:{"reqId":"1778499108544-4","type":"progress","progress":{"piece":"S","iterCount",0,0,0,,,,,0,0
1778499108544-4:{"reqId":"1778499108544-4","type":"progress","progress":{"depth":4,"expandedNodes":4,"placementsConsidered":16,"nextMapSize":13,"timeMs",0,0,0,,,,,0,0
1778499108544-4:{"reqId":"1778499108544-4","plan":{"action":"place","x":4,"rotation":1},"score":-26825,"sig":"{\"next\":[\"L\",\"I\",\"Z\",\"L\",\"O\",\"S\"],\"hold\":null,\"current\":{\"type\":\"I\",\"x\":3,\"y\":0,\"rotation\":0}}","profile":{"depthProfile":[{"depth":0,"expandedNodes":1,"placementsConsidered":4,"nextMapSize":3,"timeMs":7},{"depth":1,"expandedNodes":3,"placementsConsidered":12,"nextMapSize":10,"timeMs":25},{"depth":2,"expandedNodes":4,"placementsConsidered":16,"nextMapSize":11,"timeMs":88},{"depth":3,"expandedNodes":4,"placementsConsidered":16,"nextMapSize":11,"timeMs":102},{"depth":4,"expandedNodes":4,"placementsConsidered":16,"nextMapSize":13,"timeMs":132}],"placementCacheHits":5,"placementCacheMisses":27,"placementGeneratedCount":924,"totalTimeMs":399},"intermediate",0,0,0,,,,,0,0
1778499108544-4:{"reqId":"1778499108544-4","plan":{"action":"place","x":4,"rotation":1},"score":-26825,"sig":"{\"next\":[\"L\",\"I\",\"Z\",\"L\",\"O\",\"S\"],\"hold\":null,\"current\":{\"type\":\"I\",\"x\":3,\"y\":0,\"rotation\":0}}","profile":{"depthProfile":[{"depth":0,"expandedNodes":1,"placementsConsidered":4,"nextMapSize":3,"timeMs":7},{"depth":1,"expandedNodes":3,"placementsConsidered":12,"nextMapSize":10,"timeMs":25},{"depth":2,"expandedNodes":4,"placementsConsidered":16,"nextMapSize":11,"timeMs":88},{"depth":3,"expandedNodes":4,"placementsConsidered":16,"nextMapSize":11,"timeMs":102},{"depth":4,"expandedNodes":4,"placementsConsidered":16,"nextMapSize":13,"timeMs":132}],"placementCacheHits":5,"placementCacheMisses":27,"placementGeneratedCount":924,"totalTimeMs",0,0,0,,,,,0,0
1778499109810-5,9,0,0,,,,103.00,240,48
1778499109810-5:{"reqId":"1778499109810-5","type":"progress","progress":{"started",0,0,0,,,,,0,0
1778499109810-5:{"reqId":"1778499109810-5","type":"progress","progress":{"piece":"S","iterCount",0,0,0,,,,,0,0
1778499109810-5:{"reqId":"1778499109810-5","type":"progress","progress":{"piece":"T","iterCount",0,0,0,,,,,0,0
1778499109810-5:{"reqId":"1778499109810-5","type":"progress","progress":{"depth":0,"expandedNodes":1,"placementsConsidered":4,"nextMapSize":3,"timeMs",0,0,0,,,,,0,0
1778499109810-5:{"reqId":"1778499109810-5","plan":{"action":"place","x":5,"rotation":0},"score":-7403,"sig":"{\"next\":[\"T\",\"J\",\"Z\",\"L\",\"I\",\"J\"],\"hold\":null,\"current\":{\"type\":\"S\",\"x\":3,\"y\":0,\"rotation\":0}}","profile":{"depthProfile":[{"depth":0,"expandedNodes":1,"placementsConsidered":4,"nextMapSize":3,"timeMs":7}],"placementCacheHits":0,"placementCacheMisses":2,"placementGeneratedCount":68,"totalTimeMs":7},"intermediate",0,0,0,,,,,0,0
1778499109810-5:{"reqId":"1778499109810-5","type":"progress","progress":{"piece":"J","iterCount",0,0,0,,,,,0,0
1778499109810-5:{"reqId":"1778499109810-5","type":"progress","progress":{"piece":"Z","iterCount",0,0,0,,,,,0,0
1778499109810-5:{"reqId":"1778499109810-5","type":"progress","progress":{"depth":1,"expandedNodes":3,"placementsConsidered":12,"nextMapSize":6,"timeMs",0,0,0,,,,,0,0
1778499109810-5:{"reqId":"1778499109810-5","plan":{"action":"place","x":5,"rotation":0},"score":-14806,"sig":"{\"next\":[\"T\",\"J\",\"Z\",\"L\",\"I\",\"J\"],\"hold\":null,\"current\":{\"type\":\"S\",\"x\":3,\"y\":0,\"rotation\":0}}","profile":{"depthProfile":[{"depth":0,"expandedNodes":1,"placementsConsidered":4,"nextMapSize":3,"timeMs":7},{"depth":1,"expandedNodes":3,"placementsConsidered":12,"nextMapSize":6,"timeMs":3}],"placementCacheHits":4,"placementCacheMisses":4,"placementGeneratedCount":136,"totalTimeMs":10},"intermediate",0,0,0,,,,,0,0
1778499109810-5:{"reqId":"1778499109810-5","type":"progress","progress":{"piece":"L","iterCount",0,0,0,,,,,0,0
1778499109810-5:{"reqId":"1778499109810-5","type":"progress","progress":{"depth":2,"expandedNodes":4,"placementsConsidered":16,"nextMapSize":9,"timeMs",0,0,0,,,,,0,0
1778499109810-5:{"reqId":"1778499109810-5","plan":{"action":"place","x":5,"rotation":0},"score":-22209,"sig":"{\"next\":[\"T\",\"J\",\"Z\",\"L\",\"I\",\"J\"],\"hold\":null,\"current\":{\"type\":\"S\",\"x\":3,\"y\":0,\"rotation\":0}}","profile":{"depthProfile":[{"depth":0,"expandedNodes":1,"placementsConsidered":4,"nextMapSize":3,"timeMs":7},{"depth":1,"expandedNodes":3,"placementsConsidered":12,"nextMapSize":6,"timeMs":3},{"depth":2,"expandedNodes":4,"placementsConsidered":16,"nextMapSize":9,"timeMs":17}],"placementCacheHits":11,"placementCacheMisses":5,"placementGeneratedCount":170,"totalTimeMs":27},"intermediate",0,0,0,,,,,0,0
1778499109810-5:{"reqId":"1778499109810-5","type":"progress","progress":{"piece":"I","iterCount",0,0,0,,,,,0,0
1778499109810-5:{"reqId":"1778499109810-5","type":"progress","progress":{"depth":3,"expandedNodes":4,"placementsConsidered":16,"nextMapSize":9,"timeMs",0,0,0,,,,,0,0
1778499109810-5:{"reqId":"1778499109810-5","plan":{"action":"place","x":5,"rotation":0},"score":-29612,"sig":"{\"next\":[\"T\",\"J\",\"Z\",\"L\",\"I\",\"J\"],\"hold\":null,\"current\":{\"type\":\"S\",\"x\":3,\"y\":0,\"rotation\":0}}","profile":{"depthProfile":[{"depth":0,"expandedNodes":1,"placementsConsidered":4,"nextMapSize":3,"timeMs":7},{"depth":1,"expandedNodes":3,"placementsConsidered":12,"nextMapSize":6,"timeMs":3},{"depth":2,"expandedNodes":4,"placementsConsidered":16,"nextMapSize":9,"timeMs":17},{"depth":3,"expandedNodes":4,"placementsConsidered":16,"nextMapSize":9,"timeMs":17}],"placementCacheHits":18,"placementCacheMisses":6,"placementGeneratedCount":204,"totalTimeMs":55},"intermediate",0,0,0,,,,,0,0
1778499109810-5:{"reqId":"1778499109810-5","type":"progress","progress":{"depth":4,"expandedNodes":4,"placementsConsidered":16,"nextMapSize":5,"timeMs",0,0,0,,,,,0,0
1778499109810-5:{"reqId":"1778499109810-5","plan":{"action":"place","x":5,"rotation":0},"score":-37015,"sig":"{\"next\":[\"T\",\"J\",\"Z\",\"L\",\"I\",\"J\"],\"hold\":null,\"current\":{\"type\":\"S\",\"x\":3,\"y\":0,\"rotation\":0}}","profile":{"depthProfile":[{"depth":0,"expandedNodes":1,"placementsConsidered":4,"nextMapSize":3,"timeMs":7},{"depth":1,"expandedNodes":3,"placementsConsidered":12,"nextMapSize":6,"timeMs":3},{"depth":2,"expandedNodes":4,"placementsConsidered":16,"nextMapSize":9,"timeMs":17},{"depth":3,"expandedNodes":4,"placementsConsidered":16,"nextMapSize":9,"timeMs":17},{"depth":4,"expandedNodes":4,"placementsConsidered":16,"nextMapSize":5,"timeMs":0}],"placementCacheHits":26,"placementCacheMisses":6,"placementGeneratedCount":204,"totalTimeMs":71},"intermediate",0,0,0,,,,,0,0
1778499109810-5:{"reqId":"1778499109810-5","type":"progress","progress":{"depth":5,"expandedNodes":2,"placementsConsidered":8,"nextMapSize":3,"timeMs",0,0,0,,,,,0,0
1778499109810-5:{"reqId":"1778499109810-5","plan":{"action":"place","x":5,"rotation":0},"score":-44418,"sig":"{\"next\":[\"T\",\"J\",\"Z\",\"L\",\"I\",\"J\"],\"hold\":null,\"current\":{\"type\":\"S\",\"x\":3,\"y\":0,\"rotation\":0}}","profile":{"depthProfile":[{"depth":0,"expandedNodes":1,"placementsConsidered":4,"nextMapSize":3,"timeMs":7},{"depth":1,"expandedNodes":3,"placementsConsidered":12,"nextMapSize":6,"timeMs":3},{"depth":2,"expandedNodes":4,"placementsConsidered":16,"nextMapSize":9,"timeMs":17},{"depth":3,"expandedNodes":4,"placementsConsidered":16,"nextMapSize":9,"timeMs":17},{"depth":4,"expandedNodes":4,"placementsConsidered":16,"nextMapSize":5,"timeMs":0},{"depth":5,"expandedNodes":2,"placementsConsidered":8,"nextMapSize":3,"timeMs":1}],"placementCacheHits":30,"placementCacheMisses":6,"placementGeneratedCount":204,"totalTimeMs":88},"intermediate",0,0,0,,,,,0,0
1778499109810-5:{"reqId":"1778499109810-5","plan":{"action":"place","x":5,"rotation":0},"score":-44418,"sig":"{\"next\":[\"T\",\"J\",\"Z\",\"L\",\"I\",\"J\"],\"hold\":null,\"current\":{\"type\":\"S\",\"x\":3,\"y\":0,\"rotation\":0}}","profile":{"depthProfile":[{"depth":0,"expandedNodes":1,"placementsConsidered":4,"nextMapSize":3,"timeMs":7},{"depth":1,"expandedNodes":3,"placementsConsidered":12,"nextMapSize":6,"timeMs":3},{"depth":2,"expandedNodes":4,"placementsConsidered":16,"nextMapSize":9,"timeMs":17},{"depth":3,"expandedNodes":4,"placementsConsidered":16,"nextMapSize":9,"timeMs":17},{"depth":4,"expandedNodes":4,"placementsConsidered":16,"nextMapSize":5,"timeMs":0},{"depth":5,"expandedNodes":2,"placementsConsidered":8,"nextMapSize":3,"timeMs":1}],"placementCacheHits":30,"placementCacheMisses":6,"placementGeneratedCount":204,"totalTimeMs",0,0,0,,,,,0,0
1778499110760-6,5,0,0,,,,91.00,120,24
1778499110760-6:{"reqId":"1778499110760-6","type":"progress","progress":{"started",0,0,0,,,,,0,0
1778499110760-6:{"reqId":"1778499110760-6","type":"progress","progress":{"piece":"I","iterCount",0,0,0,,,,,0,0
1778499110760-6:{"reqId":"1778499110760-6","type":"progress","progress":{"depth":0,"expandedNodes":1,"placementsConsidered":4,"nextMapSize":3,"timeMs",0,0,0,,,,,0,0
1778499110760-6:{"reqId":"1778499110760-6","plan":{"action":"place","x":0,"rotation":1},"score":-8453,"sig":"{\"next\":[\"I\",\"J\",\"O\",\"S\",\"T\",\"J\"],\"hold\":null,\"current\":{\"type\":\"I\",\"x\":3,\"y\":-1,\"rotation\":0}}","profile":{"depthProfile":[{"depth":0,"expandedNodes":1,"placementsConsidered":4,"nextMapSize":3,"timeMs":6}],"placementCacheHits":1,"placementCacheMisses":1,"placementGeneratedCount":34,"totalTimeMs":6},"intermediate",0,0,0,,,,,0,0
1778499110760-6:{"reqId":"1778499110760-6","type":"progress","progress":{"piece":"J","iterCount",0,0,0,,,,,0,0
1778499110760-6:{"reqId":"1778499110760-6","type":"progress","progress":{"piece":"O","iterCount",0,0,0,,,,,0,0
1778499110760-6:{"reqId":"1778499110760-6","type":"progress","progress":{"depth":1,"expandedNodes":3,"placementsConsidered":12,"nextMapSize":5,"timeMs",0,0,0,,,,,0,0
1778499110760-6:{"reqId":"1778499110760-6","plan":{"action":"place","x":0,"rotation":1},"score":-16906,"sig":"{\"next\":[\"I\",\"J\",\"O\",\"S\",\"T\",\"J\"],\"hold\":null,\"current\":{\"type\":\"I\",\"x\":3,\"y\":-1,\"rotation\":0}}","profile":{"depthProfile":[{"depth":0,"expandedNodes":1,"placementsConsidered":4,"nextMapSize":3,"timeMs":6},{"depth":1,"expandedNodes":3,"placementsConsidered":12,"nextMapSize":5,"timeMs":3}],"placementCacheHits":4,"placementCacheMisses":4,"placementGeneratedCount":138,"totalTimeMs":9},"intermediate",0,0,0,,,,,0,0
1778499110760-6:{"reqId":"1778499110760-6","type":"progress","progress":{"piece":"S","iterCount",0,0,0,,,,,0,0
1778499110760-6:{"reqId":"1778499110760-6","type":"progress","progress":{"depth":2,"expandedNodes":4,"placementsConsidered":16,"nextMapSize":6,"timeMs",0,0,0,,,,,0,0
1778499110760-6:{"reqId":"1778499110760-6","plan":{"action":"place","x":0,"rotation":1},"score":-25359,"sig":"{\"next\":[\"I\",\"J\",\"O\",\"S\",\"T\",\"J\"],\"hold\":null,\"current\":{\"type\":\"I\",\"x\":3,\"y\":-1,\"rotation\":0}}","profile":{"depthProfile":[{"depth":0,"expandedNodes":1,"placementsConsidered":4,"nextMapSize":3,"timeMs":6},{"depth":1,"expandedNodes":3,"placementsConsidered":12,"nextMapSize":5,"timeMs":3},{"depth":2,"expandedNodes":4,"placementsConsidered":16,"nextMapSize":6,"timeMs":7}],"placementCacheHits":11,"placementCacheMisses":5,"placementGeneratedCount":172,"totalTimeMs":17},"intermediate",0,0,0,,,,,0,0
1778499110760-6:{"reqId":"1778499110760-6","type":"progress","progress":{"piece":"T","iterCount",0,0,0,,,,,0,0
1778499110760-6:{"reqId":"1778499110760-6","type":"progress","progress":{"depth":3,"expandedNodes":4,"placementsConsidered":16,"nextMapSize":9,"timeMs",0,0,0,,,,,0,0
1778499110760-6:{"reqId":"1778499110760-6","plan":{"action":"place","x":0,"rotation":1},"score":-33812,"sig":"{\"next\":[\"I\",\"J\",\"O\",\"S\",\"T\",\"J\"],\"hold\":null,\"current\":{\"type\":\"I\",\"x\":3,\"y\":-1,\"rotation\":0}}","profile":{"depthProfile":[{"depth":0,"expandedNodes":1,"placementsConsidered":4,"nextMapSize":3,"timeMs":6},{"depth":1,"expandedNodes":3,"placementsConsidered":12,"nextMapSize":5,"timeMs":3},{"depth":2,"expandedNodes":4,"placementsConsidered":16,"nextMapSize":6,"timeMs":7},{"depth":3,"expandedNodes":4,"placementsConsidered":16,"nextMapSize":9,"timeMs":16}],"placementCacheHits":18,"placementCacheMisses":6,"placementGeneratedCount":206,"totalTimeMs":46},"intermediate",0,0,0,,,,,0,0
1778499110760-6:{"reqId":"1778499110760-6","type":"progress","progress":{"depth":4,"expandedNodes":4,"placementsConsidered":16,"nextMapSize":5,"timeMs",0,0,0,,,,,0,0
1778499110760-6:{"reqId":"1778499110760-6","plan":{"action":"place","x":0,"rotation":1},"score":-42265,"sig":"{\"next\":[\"I\",\"J\",\"O\",\"S\",\"T\",\"J\"],\"hold\":null,\"current\":{\"type\":\"I\",\"x\":3,\"y\":-1,\"rotation\":0}}","profile":{"depthProfile":[{"depth":0,"expandedNodes":1,"placementsConsidered":4,"nextMapSize":3,"timeMs":6},{"depth":1,"expandedNodes":3,"placementsConsidered":12,"nextMapSize":5,"timeMs":3},{"depth":2,"expandedNodes":4,"placementsConsidered":16,"nextMapSize":6,"timeMs":7},{"depth":3,"expandedNodes":4,"placementsConsidered":16,"nextMapSize":9,"timeMs":16},{"depth":4,"expandedNodes":4,"placementsConsidered":16,"nextMapSize":5,"timeMs":1}],"placementCacheHits":26,"placementCacheMisses":6,"placementGeneratedCount":206,"totalTimeMs":61},"intermediate",0,0,0,,,,,0,0
1778499110760-6:{"reqId":"1778499110760-6","type":"progress","progress":{"depth":5,"expandedNodes":2,"placementsConsidered":8,"nextMapSize":3,"timeMs",0,0,0,,,,,0,0
1778499110760-6:{"reqId":"1778499110760-6","plan":{"action":"place","x":0,"rotation":1},"score":-50718,"sig":"{\"next\":[\"I\",\"J\",\"O\",\"S\",\"T\",\"J\"],\"hold\":null,\"current\":{\"type\":\"I\",\"x\":3,\"y\":-1,\"rotation\":0}}","profile":{"depthProfile":[{"depth":0,"expandedNodes":1,"placementsConsidered":4,"nextMapSize":3,"timeMs":6},{"depth":1,"expandedNodes":3,"placementsConsidered":12,"nextMapSize":5,"timeMs":3},{"depth":2,"expandedNodes":4,"placementsConsidered":16,"nextMapSize":6,"timeMs":7},{"depth":3,"expandedNodes":4,"placementsConsidered":16,"nextMapSize":9,"timeMs":16},{"depth":4,"expandedNodes":4,"placementsConsidered":16,"nextMapSize":5,"timeMs":1},{"depth":5,"expandedNodes":2,"placementsConsidered":8,"nextMapSize":3,"timeMs":0}],"placementCacheHits":30,"placementCacheMisses":6,"placementGeneratedCount":206,"totalTimeMs":76},"intermediate",0,0,0,,,,,0,0
1778499110760-6:{"reqId":"1778499110760-6","plan":{"action":"place","x":0,"rotation":1},"score":-50718,"sig":"{\"next\":[\"I\",\"J\",\"O\",\"S\",\"T\",\"J\"],\"hold\":null,\"current\":{\"type\":\"I\",\"x\":3,\"y\":-1,\"rotation\":0}}","profile":{"depthProfile":[{"depth":0,"expandedNodes":1,"placementsConsidered":4,"nextMapSize":3,"timeMs":6},{"depth":1,"expandedNodes":3,"placementsConsidered":12,"nextMapSize":5,"timeMs":3},{"depth":2,"expandedNodes":4,"placementsConsidered":16,"nextMapSize":6,"timeMs":7},{"depth":3,"expandedNodes":4,"placementsConsidered":16,"nextMapSize":9,"timeMs":16},{"depth":4,"expandedNodes":4,"placementsConsidered":16,"nextMapSize":5,"timeMs":1},{"depth":5,"expandedNodes":2,"placementsConsidered":8,"nextMapSize":3,"timeMs":0}],"placementCacheHits":30,"placementCacheMisses":6,"placementGeneratedCount":206,"totalTimeMs",0,0,0,,,,,0,0
1778500041647-1,30,30,30,,,,,0,0
1778500042591-2,26,26,26,,,,,0,0
1778500043524-3,23,22,22,,,,,0,0
1778500044455-4,19,19,19,,,,,0,0
1778500045390-5,15,15,15,,,,,0,0
1778500046326-6,12,11,11,,,,,0,0
1778500047276-7,8,7,7,,,,,0,0
1778500048214-8,4,4,4,,,,,0,0